startDate,endDate,numberOfDocuments
"2019-01-01T00:00:00","2019-01-02T00:00:00",1219
"2019-01-02T00:00:00","2019-01-03T00:00:00",1324
"2019-01-03T00:00:00","2019-01-04T00:00:00",1562
"2019-01-04T00:00:00","2019-01-05T00:00:00",1553
"2019-01-05T00:00:00","2019-01-06T00:00:00",1472
"2019-01-06T00:00:00","2019-01-07T00:00:00",1489
"2019-01-07T00:00:00","2019-01-08T00:00:00",1707
"2019-01-08T00:00:00","2019-01-09T00:00:00",1773
"2019-01-09T00:00:00","2019-01-10T00:00:00",1861
"2019-01-10T00:00:00","2019-01-11T00:00:00",1722
"2019-01-11T00:00:00","2019-01-12T00:00:00",1624
"2019-01-12T00:00:00","2019-01-13T00:00:00",1440
"2019-01-13T00:00:00","2019-01-14T00:00:00",1757
"2019-01-14T00:00:00","2019-01-15T00:00:00",1837
"2019-01-15T00:00:00","2019-01-16T00:00:00",1935
"2019-01-16T00:00:00","2019-01-17T00:00:00",1807
"2019-01-17T00:00:00","2019-01-18T00:00:00",1954
"2019-01-18T00:00:00","2019-01-19T00:00:00",1660
"2019-01-19T00:00:00","2019-01-20T00:00:00",1422
"2019-01-20T00:00:00","2019-01-21T00:00:00",1557
"2019-01-21T00:00:00","2019-01-22T00:00:00",1862
"2019-01-22T00:00:00","2019-01-23T00:00:00",1903
"2019-01-23T00:00:00","2019-01-24T00:00:00",2074
"2019-01-24T00:00:00","2019-01-25T00:00:00",1848
"2019-01-25T00:00:00","2019-01-26T00:00:00",1683
"2019-01-26T00:00:00","2019-01-27T00:00:00",1561
"2019-01-27T00:00:00","2019-01-28T00:00:00",1535
"2019-01-28T00:00:00","2019-01-29T00:00:00",1820
"2019-01-29T00:00:00","2019-01-30T00:00:00",1832
"2019-01-30T00:00:00","2019-01-31T00:00:00",1952
"2019-01-31T00:00:00","2019-02-01T00:00:00",1904
"2019-02-01T00:00:00","2019-02-02T00:00:00",1719
"2019-02-02T00:00:00","2019-02-03T00:00:00",1466
"2019-02-03T00:00:00","2019-02-04T00:00:00",1459
"2019-02-04T00:00:00","2019-02-05T00:00:00",1754
"2019-02-05T00:00:00","2019-02-06T00:00:00",1659
"2019-02-06T00:00:00","2019-02-07T00:00:00",1615
"2019-02-07T00:00:00","2019-02-08T00:00:00",1857
"2019-02-08T00:00:00","2019-02-09T00:00:00",1809
"2019-02-09T00:00:00","2019-02-10T00:00:00",1528
"2019-02-10T00:00:00","2019-02-11T00:00:00",1805
"2019-02-11T00:00:00","2019-02-12T00:00:00",2130
"2019-02-12T00:00:00","2019-02-13T00:00:00",1996
"2019-02-13T00:00:00","2019-02-14T00:00:00",2028
"2019-02-14T00:00:00","2019-02-15T00:00:00",1880
"2019-02-15T00:00:00","2019-02-16T00:00:00",1791
"2019-02-16T00:00:00","2019-02-17T00:00:00",1486
"2019-02-17T00:00:00","2019-02-18T00:00:00",1648
"2019-02-18T00:00:00","2019-02-19T00:00:00",2034
"2019-02-19T00:00:00","2019-02-20T00:00:00",2007
"2019-02-20T00:00:00","2019-02-21T00:00:00",2011
"2019-02-21T00:00:00","2019-02-22T00:00:00",2231
"2019-02-22T00:00:00","2019-02-23T00:00:00",1975
"2019-02-23T00:00:00","2019-02-24T00:00:00",1660
"2019-02-24T00:00:00","2019-02-25T00:00:00",1772
"2019-02-25T00:00:00","2019-02-26T00:00:00",1904
"2019-02-26T00:00:00","2019-02-27T00:00:00",1968
"2019-02-27T00:00:00","2019-02-28T00:00:00",2030
"2019-02-28T00:00:00","2019-03-01T00:00:00",2005
"2019-03-01T00:00:00","2019-03-02T00:00:00",1720
"2019-03-02T00:00:00","2019-03-03T00:00:00",1513
"2019-03-03T00:00:00","2019-03-04T00:00:00",1588
"2019-03-04T00:00:00","2019-03-05T00:00:00",1961
"2019-03-05T00:00:00","2019-03-06T00:00:00",2074
"2019-03-06T00:00:00","2019-03-07T00:00:00",2006
"2019-03-07T00:00:00","2019-03-08T00:00:00",1987
"2019-03-08T00:00:00","2019-03-09T00:00:00",1659
"2019-03-09T00:00:00","2019-03-10T00:00:00",1432
"2019-03-10T00:00:00","2019-03-11T00:00:00",1632
"2019-03-11T00:00:00","2019-03-12T00:00:00",1939
"2019-03-12T00:00:00","2019-03-13T00:00:00",2015
"2019-03-13T00:00:00","2019-03-14T00:00:00",2052
"2019-03-14T00:00:00","2019-03-15T00:00:00",2136
"2019-03-15T00:00:00","2019-03-16T00:00:00",9554
"2019-03-16T00:00:00","2019-03-17T00:00:00",3989
"2019-03-17T00:00:00","2019-03-18T00:00:00",3402
"2019-03-18T00:00:00","2019-03-19T00:00:00",3307
"2019-03-19T00:00:00","2019-03-20T00:00:00",3032
"2019-03-20T00:00:00","2019-03-21T00:00:00",2784
"2019-03-21T00:00:00","2019-03-22T00:00:00",3044
"2019-03-22T00:00:00","2019-03-23T00:00:00",2725
"2019-03-23T00:00:00","2019-03-24T00:00:00",2166
"2019-03-24T00:00:00","2019-03-25T00:00:00",2247
"2019-03-25T00:00:00","2019-03-26T00:00:00",2480
"2019-03-26T00:00:00","2019-03-27T00:00:00",2349
"2019-03-27T00:00:00","2019-03-28T00:00:00",2202
"2019-03-28T00:00:00","2019-03-29T00:00:00",2230
"2019-03-29T00:00:00","2019-03-30T00:00:00",1978
"2019-03-30T00:00:00","2019-03-31T00:00:00",1624
"2019-03-31T00:00:00","2019-04-01T00:00:00",1810
"2019-04-01T00:00:00","2019-04-02T00:00:00",2030
"2019-04-02T00:00:00","2019-04-03T00:00:00",1971
"2019-04-03T00:00:00","2019-04-04T00:00:00",2080
"2019-04-04T00:00:00","2019-04-05T00:00:00",2187
"2019-04-05T00:00:00","2019-04-06T00:00:00",1820
"2019-04-06T00:00:00","2019-04-07T00:00:00",1658
"2019-04-07T00:00:00","2019-04-08T00:00:00",1709
"2019-04-08T00:00:00","2019-04-09T00:00:00",2000
"2019-04-09T00:00:00","2019-04-10T00:00:00",2061
"2019-04-10T00:00:00","2019-04-11T00:00:00",2288
"2019-04-11T00:00:00","2019-04-12T00:00:00",2289
"2019-04-12T00:00:00","2019-04-13T00:00:00",1959
"2019-04-13T00:00:00","2019-04-14T00:00:00",1634
"2019-04-14T00:00:00","2019-04-15T00:00:00",1610
"2019-04-15T00:00:00","2019-04-16T00:00:00",1876
"2019-04-16T00:00:00","2019-04-17T00:00:00",1929
"2019-04-17T00:00:00","2019-04-18T00:00:00",2152
"2019-04-18T00:00:00","2019-04-19T00:00:00",1991
"2019-04-19T00:00:00","2019-04-20T00:00:00",1541
"2019-04-20T00:00:00","2019-04-21T00:00:00",1441
"2019-04-21T00:00:00","2019-04-22T00:00:00",1611
"2019-04-22T00:00:00","2019-04-23T00:00:00",1776
"2019-04-23T00:00:00","2019-04-24T00:00:00",2104
"2019-04-24T00:00:00","2019-04-25T00:00:00",2209
"2019-04-25T00:00:00","2019-04-26T00:00:00",1838
"2019-04-26T00:00:00","2019-04-27T00:00:00",1934
"2019-04-27T00:00:00","2019-04-28T00:00:00",1661
"2019-04-28T00:00:00","2019-04-29T00:00:00",1870
"2019-04-29T00:00:00","2019-04-30T00:00:00",2105
"2019-04-30T00:00:00","2019-05-01T00:00:00",1964
"2019-05-01T00:00:00","2019-05-02T00:00:00",1999
"2019-05-02T00:00:00","2019-05-03T00:00:00",1969
"2019-05-03T00:00:00","2019-05-04T00:00:00",1906
"2019-05-04T00:00:00","2019-05-05T00:00:00",1521
"2019-05-05T00:00:00","2019-05-06T00:00:00",1649
"2019-05-06T00:00:00","2019-05-07T00:00:00",2029
"2019-05-07T00:00:00","2019-05-08T00:00:00",1992
"2019-05-08T00:00:00","2019-05-09T00:00:00",2132
"2019-05-09T00:00:00","2019-05-10T00:00:00",2121
"2019-05-10T00:00:00","2019-05-11T00:00:00",1944
"2019-05-11T00:00:00","2019-05-12T00:00:00",1743
"2019-05-12T00:00:00","2019-05-13T00:00:00",1700
"2019-05-13T00:00:00","2019-05-14T00:00:00",2041
"2019-05-14T00:00:00","2019-05-15T00:00:00",2034
"2019-05-15T00:00:00","2019-05-16T00:00:00",2040
"2019-05-16T00:00:00","2019-05-17T00:00:00",1965
"2019-05-17T00:00:00","2019-05-18T00:00:00",2046
"2019-05-18T00:00:00","2019-05-19T00:00:00",1727
"2019-05-19T00:00:00","2019-05-20T00:00:00",1762
"2019-05-20T00:00:00","2019-05-21T00:00:00",2038
"2019-05-21T00:00:00","2019-05-22T00:00:00",2298
"2019-05-22T00:00:00","2019-05-23T00:00:00",2018
"2019-05-23T00:00:00","2019-05-24T00:00:00",2131
"2019-05-24T00:00:00","2019-05-25T00:00:00",2026
"2019-05-25T00:00:00","2019-05-26T00:00:00",1485
"2019-05-26T00:00:00","2019-05-27T00:00:00",1658
"2019-05-27T00:00:00","2019-05-28T00:00:00",1954
"2019-05-28T00:00:00","2019-05-29T00:00:00",2088
"2019-05-29T00:00:00","2019-05-30T00:00:00",2160
"2019-05-30T00:00:00","2019-05-31T00:00:00",2270
"2019-05-31T00:00:00","2019-06-01T00:00:00",1938
"2019-06-01T00:00:00","2019-06-02T00:00:00",1710
"2019-06-02T00:00:00","2019-06-03T00:00:00",1663
"2019-06-03T00:00:00","2019-06-04T00:00:00",1703
"2019-06-04T00:00:00","2019-06-05T00:00:00",1874
"2019-06-05T00:00:00","2019-06-06T00:00:00",2074
"2019-06-06T00:00:00","2019-06-07T00:00:00",2030
"2019-06-07T00:00:00","2019-06-08T00:00:00",1881
"2019-06-08T00:00:00","2019-06-09T00:00:00",1671
"2019-06-09T00:00:00","2019-06-10T00:00:00",1796
"2019-06-10T00:00:00","2019-06-11T00:00:00",1957
"2019-06-11T00:00:00","2019-06-12T00:00:00",2023
"2019-06-12T00:00:00","2019-06-13T00:00:00",2033
"2019-06-13T00:00:00","2019-06-14T00:00:00",1956
"2019-06-14T00:00:00","2019-06-15T00:00:00",2019
"2019-06-15T00:00:00","2019-06-16T00:00:00",1697
"2019-06-16T00:00:00","2019-06-17T00:00:00",1787
"2019-06-17T00:00:00","2019-06-18T00:00:00",1945
"2019-06-18T00:00:00","2019-06-19T00:00:00",1915
"2019-06-19T00:00:00","2019-06-20T00:00:00",1961
"2019-06-20T00:00:00","2019-06-21T00:00:00",2096
"2019-06-21T00:00:00","2019-06-22T00:00:00",1882
"2019-06-22T00:00:00","2019-06-23T00:00:00",1691
"2019-06-23T00:00:00","2019-06-24T00:00:00",1661
"2019-06-24T00:00:00","2019-06-25T00:00:00",1909
"2019-06-25T00:00:00","2019-06-26T00:00:00",2052
"2019-06-26T00:00:00","2019-06-27T00:00:00",2080
"2019-06-27T00:00:00","2019-06-28T00:00:00",1925
"2019-06-28T00:00:00","2019-06-29T00:00:00",1786
"2019-06-29T00:00:00","2019-06-30T00:00:00",1584
"2019-06-30T00:00:00","2019-07-01T00:00:00",1697
"2019-07-01T00:00:00","2019-07-02T00:00:00",2046
"2019-07-02T00:00:00","2019-07-03T00:00:00",2072
"2019-07-03T00:00:00","2019-07-04T00:00:00",2144
"2019-07-04T00:00:00","2019-07-05T00:00:00",1915
"2019-07-05T00:00:00","2019-07-06T00:00:00",1710
"2019-07-06T00:00:00","2019-07-07T00:00:00",1679
"2019-07-07T00:00:00","2019-07-08T00:00:00",1544
"2019-07-08T00:00:00","2019-07-09T00:00:00",1825
"2019-07-09T00:00:00","2019-07-10T00:00:00",1975
"2019-07-10T00:00:00","2019-07-11T00:00:00",2170
"2019-07-11T00:00:00","2019-07-12T00:00:00",1820
"2019-07-12T00:00:00","2019-07-13T00:00:00",1368
"2019-07-13T00:00:00","2019-07-14T00:00:00",1557
"2019-07-14T00:00:00","2019-07-15T00:00:00",2134
"2019-07-15T00:00:00","2019-07-16T00:00:00",1892
"2019-07-16T00:00:00","2019-07-17T00:00:00",2041
"2019-07-17T00:00:00","2019-07-18T00:00:00",1889
"2019-07-18T00:00:00","2019-07-19T00:00:00",1954
"2019-07-19T00:00:00","2019-07-20T00:00:00",1985
"2019-07-20T00:00:00","2019-07-21T00:00:00",1636
"2019-07-21T00:00:00","2019-07-22T00:00:00",1726
"2019-07-22T00:00:00","2019-07-23T00:00:00",1976
"2019-07-23T00:00:00","2019-07-24T00:00:00",2031
"2019-07-24T00:00:00","2019-07-25T00:00:00",1857
"2019-07-25T00:00:00","2019-07-26T00:00:00",1767
"2019-07-26T00:00:00","2019-07-27T00:00:00",1777
"2019-07-27T00:00:00","2019-07-28T00:00:00",1635
"2019-07-28T00:00:00","2019-07-29T00:00:00",1601
"2019-07-29T00:00:00","2019-07-30T00:00:00",1838
"2019-07-30T00:00:00","2019-07-31T00:00:00",1868
"2019-07-31T00:00:00","2019-08-01T00:00:00",1889
"2019-08-01T00:00:00","2019-08-02T00:00:00",1838
"2019-08-02T00:00:00","2019-08-03T00:00:00",1855
"2019-08-03T00:00:00","2019-08-04T00:00:00",1550
"2019-08-04T00:00:00","2019-08-05T00:00:00",2028
"2019-08-05T00:00:00","2019-08-06T00:00:00",2321
"2019-08-06T00:00:00","2019-08-07T00:00:00",2105
"2019-08-07T00:00:00","2019-08-08T00:00:00",2038
"2019-08-08T00:00:00","2019-08-09T00:00:00",2166
"2019-08-09T00:00:00","2019-08-10T00:00:00",1970
"2019-08-10T00:00:00","2019-08-11T00:00:00",1655
"2019-08-11T00:00:00","2019-08-12T00:00:00",1696
"2019-08-12T00:00:00","2019-08-13T00:00:00",2046
"2019-08-13T00:00:00","2019-08-14T00:00:00",1992
"2019-08-14T00:00:00","2019-08-15T00:00:00",2041
"2019-08-15T00:00:00","2019-08-16T00:00:00",2017
"2019-08-16T00:00:00","2019-08-17T00:00:00",1739
"2019-08-17T00:00:00","2019-08-18T00:00:00",1577
"2019-08-18T00:00:00","2019-08-19T00:00:00",1495
"2019-08-19T00:00:00","2019-08-20T00:00:00",1951
"2019-08-20T00:00:00","2019-08-21T00:00:00",1883
"2019-08-21T00:00:00","2019-08-22T00:00:00",1978
"2019-08-22T00:00:00","2019-08-23T00:00:00",1946
"2019-08-23T00:00:00","2019-08-24T00:00:00",1824
"2019-08-24T00:00:00","2019-08-25T00:00:00",1488
"2019-08-25T00:00:00","2019-08-26T00:00:00",1653
"2019-08-26T00:00:00","2019-08-27T00:00:00",1903
"2019-08-27T00:00:00","2019-08-28T00:00:00",1795
"2019-08-28T00:00:00","2019-08-29T00:00:00",1939
"2019-08-29T00:00:00","2019-08-30T00:00:00",2073
"2019-08-30T00:00:00","2019-08-31T00:00:00",1882
"2019-08-31T00:00:00","2019-09-01T00:00:00",1620
"2019-09-01T00:00:00","2019-09-02T00:00:00",1594
"2019-09-02T00:00:00","2019-09-03T00:00:00",1916
"2019-09-03T00:00:00","2019-09-04T00:00:00",2036
"2019-09-04T00:00:00","2019-09-05T00:00:00",2032
"2019-09-05T00:00:00","2019-09-06T00:00:00",2178
"2019-09-06T00:00:00","2019-09-07T00:00:00",1850
"2019-09-07T00:00:00","2019-09-08T00:00:00",1562
"2019-09-08T00:00:00","2019-09-09T00:00:00",1717
"2019-09-09T00:00:00","2019-09-10T00:00:00",1857
"2019-09-10T00:00:00","2019-09-11T00:00:00",2005
"2019-09-11T00:00:00","2019-09-12T00:00:00",2057
"2019-09-12T00:00:00","2019-09-13T00:00:00",1974
"2019-09-13T00:00:00","2019-09-14T00:00:00",1884
"2019-09-14T00:00:00","2019-09-15T00:00:00",1659
"2019-09-15T00:00:00","2019-09-16T00:00:00",1802
"2019-09-16T00:00:00","2019-09-17T00:00:00",2054
"2019-09-17T00:00:00","2019-09-18T00:00:00",2021
"2019-09-18T00:00:00","2019-09-19T00:00:00",2051
"2019-09-19T00:00:00","2019-09-20T00:00:00",2029
"2019-09-20T00:00:00","2019-09-21T00:00:00",1742
"2019-09-21T00:00:00","2019-09-22T00:00:00",1681
"2019-09-22T00:00:00","2019-09-23T00:00:00",1747
"2019-09-23T00:00:00","2019-09-24T00:00:00",2082
"2019-09-24T00:00:00","2019-09-25T00:00:00",2168
"2019-09-25T00:00:00","2019-09-26T00:00:00",2161
"2019-09-26T00:00:00","2019-09-27T00:00:00",2119
"2019-09-27T00:00:00","2019-09-28T00:00:00",2010
"2019-09-28T00:00:00","2019-09-29T00:00:00",1853
"2019-09-29T00:00:00","2019-09-30T00:00:00",1673
"2019-09-30T00:00:00","2019-10-01T00:00:00",2252
"2019-10-01T00:00:00","2019-10-02T00:00:00",2359
"2019-10-02T00:00:00","2019-10-03T00:00:00",1824
"2019-10-03T00:00:00","2019-10-04T00:00:00",2221
"2019-10-04T00:00:00","2019-10-05T00:00:00",1855
"2019-10-05T00:00:00","2019-10-06T00:00:00",1728
"2019-10-06T00:00:00","2019-10-07T00:00:00",1787
"2019-10-07T00:00:00","2019-10-08T00:00:00",1984
"2019-10-08T00:00:00","2019-10-09T00:00:00",2045
"2019-10-09T00:00:00","2019-10-10T00:00:00",2043
"2019-10-10T00:00:00","2019-10-11T00:00:00",2113
"2019-10-11T00:00:00","2019-10-12T00:00:00",1878
"2019-10-12T00:00:00","2019-10-13T00:00:00",1649
"2019-10-13T00:00:00","2019-10-14T00:00:00",1956
"2019-10-14T00:00:00","2019-10-15T00:00:00",2046
"2019-10-15T00:00:00","2019-10-16T00:00:00",2049
"2019-10-16T00:00:00","2019-10-17T00:00:00",2209
"2019-10-17T00:00:00","2019-10-18T00:00:00",2373
"2019-10-18T00:00:00","2019-10-19T00:00:00",1952
"2019-10-19T00:00:00","2019-10-20T00:00:00",1849
"2019-10-20T00:00:00","2019-10-21T00:00:00",1759
"2019-10-21T00:00:00","2019-10-22T00:00:00",1923
"2019-10-22T00:00:00","2019-10-23T00:00:00",2258
"2019-10-23T00:00:00","2019-10-24T00:00:00",2021
"2019-10-24T00:00:00","2019-10-25T00:00:00",2176
"2019-10-25T00:00:00","2019-10-26T00:00:00",1706
"2019-10-26T00:00:00","2019-10-27T00:00:00",2128
"2019-10-27T00:00:00","2019-10-28T00:00:00",1717
"2019-10-28T00:00:00","2019-10-29T00:00:00",1709
"2019-10-29T00:00:00","2019-10-30T00:00:00",1996
"2019-10-30T00:00:00","2019-10-31T00:00:00",2219
"2019-10-31T00:00:00","2019-11-01T00:00:00",2312
"2019-11-01T00:00:00","2019-11-02T00:00:00",1950
"2019-11-02T00:00:00","2019-11-03T00:00:00",1720
"2019-11-03T00:00:00","2019-11-04T00:00:00",1742
"2019-11-04T00:00:00","2019-11-05T00:00:00",2037
"2019-11-05T00:00:00","2019-11-06T00:00:00",2301
"2019-11-06T00:00:00","2019-11-07T00:00:00",2184
"2019-11-07T00:00:00","2019-11-08T00:00:00",2298
"2019-11-08T00:00:00","2019-11-09T00:00:00",1900
"2019-11-09T00:00:00","2019-11-10T00:00:00",1732
"2019-11-10T00:00:00","2019-11-11T00:00:00",1907
"2019-11-11T00:00:00","2019-11-12T00:00:00",2084
"2019-11-12T00:00:00","2019-11-13T00:00:00",1990
"2019-11-13T00:00:00","2019-11-14T00:00:00",2129
"2019-11-14T00:00:00","2019-11-15T00:00:00",2147
"2019-11-15T00:00:00","2019-11-16T00:00:00",1840
"2019-11-16T00:00:00","2019-11-17T00:00:00",1625
"2019-11-17T00:00:00","2019-11-18T00:00:00",1801
"2019-11-18T00:00:00","2019-11-19T00:00:00",1989
"2019-11-19T00:00:00","2019-11-20T00:00:00",2154
"2019-11-20T00:00:00","2019-11-21T00:00:00",2095
"2019-11-21T00:00:00","2019-11-22T00:00:00",2100
"2019-11-22T00:00:00","2019-11-23T00:00:00",2190
"2019-11-23T00:00:00","2019-11-24T00:00:00",1784
"2019-11-24T00:00:00","2019-11-25T00:00:00",1840
"2019-11-25T00:00:00","2019-11-26T00:00:00",2101
"2019-11-26T00:00:00","2019-11-27T00:00:00",2206
"2019-11-27T00:00:00","2019-11-28T00:00:00",2262
"2019-11-28T00:00:00","2019-11-29T00:00:00",1961
"2019-11-29T00:00:00","2019-11-30T00:00:00",1773
"2019-11-30T00:00:00","2019-12-01T00:00:00",1844
"2019-12-01T00:00:00","2019-12-02T00:00:00",1813
"2019-12-02T00:00:00","2019-12-03T00:00:00",2100
"2019-12-03T00:00:00","2019-12-04T00:00:00",2478
"2019-12-04T00:00:00","2019-12-05T00:00:00",2178
"2019-12-05T00:00:00","2019-12-06T00:00:00",2200
"2019-12-06T00:00:00","2019-12-07T00:00:00",1983
"2019-12-07T00:00:00","2019-12-08T00:00:00",1790
"2019-12-08T00:00:00","2019-12-09T00:00:00",1882
"2019-12-09T00:00:00","2019-12-10T00:00:00",2456
"2019-12-10T00:00:00","2019-12-11T00:00:00",2146
"2019-12-11T00:00:00","2019-12-12T00:00:00",2362
"2019-12-12T00:00:00","2019-12-13T00:00:00",2489
"2019-12-13T00:00:00","2019-12-14T00:00:00",2046
"2019-12-14T00:00:00","2019-12-15T00:00:00",1849
"2019-12-15T00:00:00","2019-12-16T00:00:00",1865
"2019-12-16T00:00:00","2019-12-17T00:00:00",2076
"2019-12-17T00:00:00","2019-12-18T00:00:00",2057
"2019-12-18T00:00:00","2019-12-19T00:00:00",2108
"2019-12-19T00:00:00","2019-12-20T00:00:00",2017
"2019-12-20T00:00:00","2019-12-21T00:00:00",1808
"2019-12-21T00:00:00","2019-12-22T00:00:00",1661
"2019-12-22T00:00:00","2019-12-23T00:00:00",1751
"2019-12-23T00:00:00","2019-12-24T00:00:00",1612
"2019-12-24T00:00:00","2019-12-25T00:00:00",1636
"2019-12-25T00:00:00","2019-12-26T00:00:00",1274
"2019-12-26T00:00:00","2019-12-27T00:00:00",1385
"2019-12-27T00:00:00","2019-12-28T00:00:00",1489
"2019-12-28T00:00:00","2019-12-29T00:00:00",1609
"2019-12-29T00:00:00","2019-12-30T00:00:00",1811
"2019-12-30T00:00:00","2019-12-31T00:00:00",1751
"2019-12-31T00:00:00","2020-01-01T00:00:00",1805
"2020-01-01T00:00:00","2020-01-02T00:00:00",1826
"2020-01-02T00:00:00","2020-01-03T00:00:00",2157
"2020-01-03T00:00:00","2020-01-04T00:00:00",2285
"2020-01-04T00:00:00","2020-01-05T00:00:00",2131
"2020-01-05T00:00:00","2020-01-06T00:00:00",2816
"2020-01-06T00:00:00","2020-01-07T00:00:00",2339
"2020-01-07T00:00:00","2020-01-08T00:00:00",2378
"2020-01-08T00:00:00","2020-01-09T00:00:00",2430
"2020-01-09T00:00:00","2020-01-10T00:00:00",2222
"2020-01-10T00:00:00","2020-01-11T00:00:00",2062
"2020-01-11T00:00:00","2020-01-12T00:00:00",1996
"2020-01-12T00:00:00","2020-01-13T00:00:00",1843
"2020-01-13T00:00:00","2020-01-14T00:00:00",2317
"2020-01-14T00:00:00","2020-01-15T00:00:00",2227
"2020-01-15T00:00:00","2020-01-16T00:00:00",2175
"2020-01-16T00:00:00","2020-01-17T00:00:00",2108
"2020-01-17T00:00:00","2020-01-18T00:00:00",2103
"2020-01-18T00:00:00","2020-01-19T00:00:00",1743
"2020-01-19T00:00:00","2020-01-20T00:00:00",1919
"2020-01-20T00:00:00","2020-01-21T00:00:00",2212
"2020-01-21T00:00:00","2020-01-22T00:00:00",2160
"2020-01-22T00:00:00","2020-01-23T00:00:00",2272
"2020-01-23T00:00:00","2020-01-24T00:00:00",2316
"2020-01-24T00:00:00","2020-01-25T00:00:00",2204
"2020-01-25T00:00:00","2020-01-26T00:00:00",2138
"2020-01-26T00:00:00","2020-01-27T00:00:00",2028
"2020-01-27T00:00:00","2020-01-28T00:00:00",2374
"2020-01-28T00:00:00","2020-01-29T00:00:00",2530
"2020-01-29T00:00:00","2020-01-30T00:00:00",2515
"2020-01-30T00:00:00","2020-01-31T00:00:00",2450
"2020-01-31T00:00:00","2020-02-01T00:00:00",2267
"2020-02-01T00:00:00","2020-02-02T00:00:00",1937
"2020-02-02T00:00:00","2020-02-03T00:00:00",2157
"2020-02-03T00:00:00","2020-02-04T00:00:00",2566
"2020-02-04T00:00:00","2020-02-05T00:00:00",2522
"2020-02-05T00:00:00","2020-02-06T00:00:00",2212
"2020-02-06T00:00:00","2020-02-07T00:00:00",2211
"2020-02-07T00:00:00","2020-02-08T00:00:00",2025
"2020-02-08T00:00:00","2020-02-09T00:00:00",1772
"2020-02-09T00:00:00","2020-02-10T00:00:00",1914
"2020-02-10T00:00:00","2020-02-11T00:00:00",2069
"2020-02-11T00:00:00","2020-02-12T00:00:00",2148
"2020-02-12T00:00:00","2020-02-13T00:00:00",2261
"2020-02-13T00:00:00","2020-02-14T00:00:00",2269
"2020-02-14T00:00:00","2020-02-15T00:00:00",2074
"2020-02-15T00:00:00","2020-02-16T00:00:00",1873
"2020-02-16T00:00:00","2020-02-17T00:00:00",2253
"2020-02-17T00:00:00","2020-02-18T00:00:00",2447
"2020-02-18T00:00:00","2020-02-19T00:00:00",2378
"2020-02-19T00:00:00","2020-02-20T00:00:00",2528
"2020-02-20T00:00:00","2020-02-21T00:00:00",2332
"2020-02-21T00:00:00","2020-02-22T00:00:00",2276
"2020-02-22T00:00:00","2020-02-23T00:00:00",1785
"2020-02-23T00:00:00","2020-02-24T00:00:00",1911
"2020-02-24T00:00:00","2020-02-25T00:00:00",2232
"2020-02-25T00:00:00","2020-02-26T00:00:00",2183
"2020-02-26T00:00:00","2020-02-27T00:00:00",2196
"2020-02-27T00:00:00","2020-02-28T00:00:00",2250
"2020-02-28T00:00:00","2020-02-29T00:00:00",2608
"2020-02-29T00:00:00","2020-03-01T00:00:00",2550
"2020-03-01T00:00:00","2020-03-02T00:00:00",2264
"2020-03-02T00:00:00","2020-03-03T00:00:00",2603
"2020-03-03T00:00:00","2020-03-04T00:00:00",2541
"2020-03-04T00:00:00","2020-03-05T00:00:00",2590
"2020-03-05T00:00:00","2020-03-06T00:00:00",2742
"2020-03-06T00:00:00","2020-03-07T00:00:00",2301
"2020-03-07T00:00:00","2020-03-08T00:00:00",2285
"2020-03-08T00:00:00","2020-03-09T00:00:00",2278
"2020-03-09T00:00:00","2020-03-10T00:00:00",2620
"2020-03-10T00:00:00","2020-03-11T00:00:00",2797
"2020-03-11T00:00:00","2020-03-12T00:00:00",2747
"2020-03-12T00:00:00","2020-03-13T00:00:00",2950
"2020-03-13T00:00:00","2020-03-14T00:00:00",3063
"2020-03-14T00:00:00","2020-03-15T00:00:00",2974
"2020-03-15T00:00:00","2020-03-16T00:00:00",3303
"2020-03-16T00:00:00","2020-03-17T00:00:00",3651
"2020-03-17T00:00:00","2020-03-18T00:00:00",3941
"2020-03-18T00:00:00","2020-03-19T00:00:00",3595
"2020-03-19T00:00:00","2020-03-20T00:00:00",4181
"2020-03-20T00:00:00","2020-03-21T00:00:00",3904
"2020-03-21T00:00:00","2020-03-22T00:00:00",3779
"2020-03-22T00:00:00","2020-03-23T00:00:00",3970
"2020-03-23T00:00:00","2020-03-24T00:00:00",5540
"2020-03-24T00:00:00","2020-03-25T00:00:00",4202
"2020-03-25T00:00:00","2020-03-26T00:00:00",4313
"2020-03-26T00:00:00","2020-03-27T00:00:00",4036
"2020-03-27T00:00:00","2020-03-28T00:00:00",3475
"2020-03-28T00:00:00","2020-03-29T00:00:00",3267
"2020-03-29T00:00:00","2020-03-30T00:00:00",2884
"2020-03-30T00:00:00","2020-03-31T00:00:00",3311
"2020-03-31T00:00:00","2020-04-01T00:00:00",3448
"2020-04-01T00:00:00","2020-04-02T00:00:00",3279
"2020-04-02T00:00:00","2020-04-03T00:00:00",3526
"2020-04-03T00:00:00","2020-04-04T00:00:00",3082
"2020-04-04T00:00:00","2020-04-05T00:00:00",2829
"2020-04-05T00:00:00","2020-04-06T00:00:00",2926
"2020-04-06T00:00:00","2020-04-07T00:00:00",2988
"2020-04-07T00:00:00","2020-04-08T00:00:00",3192
"2020-04-08T00:00:00","2020-04-09T00:00:00",3152
"2020-04-09T00:00:00","2020-04-10T00:00:00",3108
"2020-04-10T00:00:00","2020-04-11T00:00:00",2469
"2020-04-11T00:00:00","2020-04-12T00:00:00",2625
"2020-04-12T00:00:00","2020-04-13T00:00:00",2859
"2020-04-13T00:00:00","2020-04-14T00:00:00",2961
"2020-04-14T00:00:00","2020-04-15T00:00:00",3349
"2020-04-15T00:00:00","2020-04-16T00:00:00",3092
"2020-04-16T00:00:00","2020-04-17T00:00:00",3305
"2020-04-17T00:00:00","2020-04-18T00:00:00",3084
"2020-04-18T00:00:00","2020-04-19T00:00:00",2897
"2020-04-19T00:00:00","2020-04-20T00:00:00",2918
"2020-04-20T00:00:00","2020-04-21T00:00:00",3395
"2020-04-21T00:00:00","2020-04-22T00:00:00",2997
"2020-04-22T00:00:00","2020-04-23T00:00:00",3126
"2020-04-23T00:00:00","2020-04-24T00:00:00",3095
"2020-04-24T00:00:00","2020-04-25T00:00:00",2772
"2020-04-25T00:00:00","2020-04-26T00:00:00",2329
"2020-04-26T00:00:00","2020-04-27T00:00:00",2570
"2020-04-27T00:00:00","2020-04-28T00:00:00",3031
"2020-04-28T00:00:00","2020-04-29T00:00:00",3143
"2020-04-29T00:00:00","2020-04-30T00:00:00",2622
