"date","anger","fear","positive","sadness"
"2017-12-31",0.00613496932515337,0.00460122699386503,0.506134969325153,0.0153374233128834
"2018-01-01",0.031945788964182,0.00467892868667312,0.240722813810907,0.0221039044853178
"2018-01-02",0.0358989511006057,0.00413650465356774,0.168267100014773,0.0332397695375979
"2018-01-03",0.0390858944050433,0.0053585500394011,0.160283687943262,0.0308904649330181
"2018-01-04",0.0386363636363636,0.00242424242424242,0.156818181818182,0.0257575757575758
"2018-01-05",0.0485057816488962,0.00405466286229164,0.167292386244181,0.025529358762577
"2018-01-06",0.0398983861326958,0.00403466826060968,0.177525403466826,0.0277943813508667
"2018-01-07",0.0418323759021947,0.00486080424215643,0.155398438650759,0.0281337457652084
"2018-01-08",0.0346681760294326,0.00452808829772181,0.162020659402858,0.0324041318805717
"2018-01-09",0.0329568311929445,0.00355871886120996,0.150394553612873,0.0295528392387436
"2018-01-10",0.0354118552732871,0.00415704387990762,0.147036181678214,0.0275596612779061
"2018-01-11",0.037542662116041,0.00465404902264971,0.149860378529321,0.0234253800806702
"2018-01-12",0.0395733498222291,0.00340083475034781,0.153037563765652,0.0230329262637193
"2018-01-13",0.0384910289832848,0.00414046925318203,0.146756632418341,0.0282165312068701
"2018-01-14",0.0366748166259169,0.00351466992665037,0.159535452322738,0.0285757946210269
"2018-01-15",0.0330733679953784,0.00462160600808781,0.162767186597343,0.0345176198729058
"2018-01-16",0.03691381495564,0.00301013941698352,0.156527249683143,0.0296261089987326
"2018-01-17",0.0383553237189322,0.00368211107701749,0.148511813439705,0.0211721386928506
"2018-01-18",0.043484965304549,0.0046260601387818,0.140786430223593,0.0263685427910563
"2018-01-19",0.0359384808537351,0.00423728813559322,0.154425612052731,0.0218141870684244
"2018-01-20",0.0350682323072041,0.00333227546810536,0.154554109806411,0.0260234846080609
"2018-01-21",0.038172619960141,0.00613214778476161,0.153456998313659,0.0260616280852369
"2018-01-22",0.0359946674566731,0.0041475336987113,0.161309435639165,0.0208857946970819
"2018-01-23",0.0357368753953194,0.00284629981024668,0.150537634408602,0.0249841872232764
"2018-01-24",0.0389629851640941,0.00389629851640941,0.149408062340776,0.0226285029222239
"2018-01-25",0.0408598871779235,0.0041164811709102,0.148498246683946,0.0269858210093002
"2018-01-26",0.0394984326018809,0.00282131661442006,0.14858934169279,0.0230407523510972
"2018-01-27",0.0358716173694147,0.00440528634361234,0.155915670232851,0.0204531151667716
"2018-01-28",0.0382869249394673,0.00499394673123487,0.160411622276029,0.0292070217917676
"2018-01-29",0.0377848283818864,0.00620132679550043,0.14883184309201,0.0213441015286992
"2018-01-30",0.041686708353375,0.00400833734167068,0.156806156806157,0.0206830206830207
"2018-01-31",0.0423452768729642,0.00511865984178688,0.144718473708702,0.0224910811230029
"2018-02-01",0.0380084812313491,0.00376943615517512,0.146850950212031,0.0241872153290404
"2018-02-02",0.0387268736280966,0.00344935716525557,0.151614926309188,0.02195045468799
"2018-02-03",0.0372445117335352,0.00454201362604088,0.149886449659349,0.0224072672218017
"2018-02-04",0.0454406364749082,0.00489596083231334,0.143512851897185,0.027233782129743
"2018-02-05",0.0349408027721629,0.00317643661565117,0.152757724516315,0.0287323130233901
"2018-02-06",0.033456058908276,0.00432207459580599,0.160396990555467,0.0286537538018249
"2018-02-07",0.0398825166177153,0.00448291853454939,0.152573813572422,0.02256917607049
"2018-02-08",0.0375859434682964,0.00397249809014515,0.150190985485103,0.0223071046600458
"2018-02-09",0.0392613283674736,0.00512104283054004,0.150372439478585,0.0240533829919305
"2018-02-10",0.04,0.00533333333333333,0.161725490196078,0.0282352941176471
"2018-02-11",0.0420904396808011,0.0037552808637146,0.154435925520263,0.0222187451103114
"2018-02-12",0.0366582756450598,0.00330396475770925,0.152297042164884,0.0212397734424166
"2018-02-13",0.0343452928549525,0.00275988960441582,0.162680159460288,0.0243790248390064
"2018-02-14",0.0333128645993245,0.00491249616211237,0.169788148603009,0.026404666871354
"2018-02-15",0.0404040404040404,0.00341880341880342,0.150738150738151,0.0223776223776224
"2018-02-16",0.0410850253807107,0.00444162436548223,0.145145939086294,0.0207804568527919
"2018-02-17",0.0397582697201018,0.00508905852417303,0.154262086513995,0.0221055979643766
"2018-02-18",0.0408006158583526,0.00431100846805235,0.147344110854503,0.0277136258660508
"2018-02-19",0.0433919022154316,0.00458365164247517,0.149579831932773,0.0233766233766234
"2018-02-20",0.0418435415403275,0.0040933899332929,0.146755609460279,0.0224378411158278
"2018-02-21",0.0447807770322983,0.0048369480418162,0.141207676704634,0.0184116086753004
"2018-02-22",0.0422813688212928,0.0044106463878327,0.142357414448669,0.0260076045627376
"2018-02-23",0.0442547810968864,0.003003003003003,0.147779358305674,0.0199146514935989
"2018-02-24",0.0393364928909953,0.004739336492891,0.148815165876777,0.0199052132701422
"2018-02-25",0.040596647701061,0.00445948023988928,0.146855297554975,0.0204520990312164
"2018-02-26",0.0373643410852713,0.00465116279069767,0.143875968992248,0.0212403100775194
"2018-02-27",0.0346112059599565,0.00388018004035387,0.142014589476952,0.0206425578146826
"2018-02-28",0.0371272063298844,0.00365185636031649,0.15672550213025,0.0258673158855752
"2018-03-01",0.0403621853898097,0.00445058317986495,0.147636586863106,0.0234806629834254
"2018-03-02",0.0367669872789327,0.00418864412038473,0.147843623952839,0.0218740304064536
"2018-03-03",0.0416068866571019,0.00494181412402359,0.162442212657421,0.0264626175673521
"2018-03-04",0.0368051313378131,0.00381795968234575,0.159285277947465,0.025198533903482
"2018-03-05",0.0374306839186691,0.00385089340727049,0.156808379544054,0.0260320394331485
"2018-03-06",0.0427078600636075,0.00257458730879903,0.149628956534908,0.0240799636528851
"2018-03-07",0.0412371134020619,0.00461609478381289,0.139867671949531,0.0187721187875058
"2018-03-08",0.0458155161881491,0.00412339645693341,0.177306047648137,0.0192425167990226
"2018-03-09",0.0373366521468575,0.00451151213441195,0.146857498444306,0.0213130056004978
"2018-03-10",0.0397117694155324,0.00496397117694155,0.159807846277022,0.0232185748598879
"2018-03-11",0.0471640885653625,0.00409463148316652,0.138307552320291,0.0363967242948135
"2018-03-12",0.0441562451752354,0.00416859657248726,0.136791724563841,0.0242396171066852
"2018-03-13",0.0416989614013331,0.00263525034878313,0.155324755851806,0.0243373120446442
"2018-03-14",0.0388471177944862,0.00422932330827068,0.152882205513784,0.0220864661654135
"2018-03-15",0.0411933969407845,0.00408905043162199,0.151900651219143,0.0248371952142965
"2018-03-16",0.0472217849834724,0.00550920824807178,0.147961592948213,0.0220368329922871
"2018-03-17",0.0433264561180765,0.00396762418663704,0.151245833994604,0.025710204729408
"2018-03-18",0.0429124709527498,0.00418280402788536,0.161580170410534,0.0226181254841208
"2018-03-19",0.0366900858704137,0.004839968774395,0.175331772053084,0.024199843871975
"2018-03-20",0.0421133231240429,0.00367534456355283,0.156814701378254,0.0248085758039816
"2018-03-21",0.0405952036983531,0.00476740826350766,0.16136954637388,0.0222479052297024
"2018-03-22",0.0350443507343318,0.00305365711792933,0.149483786534826,0.0197760651446852
"2018-03-23",0.0428678117998506,0.00448095593726662,0.143091859596714,0.027781926811053
"2018-03-24",0.0511599324012905,0.00476263634966969,0.148102627131664,0.0221232140113689
"2018-03-25",0.0535014005602241,0.00420168067226891,0.147058823529412,0.0275910364145658
"2018-03-26",0.0481324020649863,0.00440327968417856,0.146674764652293,0.0223200728818706
"2018-03-27",0.0463018641010223,0.00450992182802165,0.151834034876729,0.0255562236921227
"2018-03-28",0.0459342023587834,0.00527622594661701,0.143078833022967,0.0240533829919305
"2018-03-29",0.0425824175824176,0.00457875457875458,0.146520146520147,0.023962148962149
"2018-03-30",0.0489650911337658,0.00509731232622799,0.13531047265987,0.0222428174235403
"2018-03-31",0.0468821817067566,0.00444308258005209,0.147694193350697,0.0260456565037536
"2018-04-01",0.0392010731852735,0.00566403338798629,0.15307795498584,0.0275748993888806
"2018-04-02",0.041908840624044,0.00397675130009177,0.153716732945855,0.0286020189660447
"2018-04-03",0.0387527839643653,0.00608760207869339,0.16347438752784,0.0283593170007424
"2018-04-04",0.043708408953418,0.00423472474289171,0.145493042952208,0.0269207501512402
"2018-04-05",0.0434272300469484,0.00381455399061033,0.148034037558685,0.0224471830985916
"2018-04-06",0.0475821450712957,0.00387476751394916,0.151270923744575,0.0213887166769994
"2018-04-07",0.0428811231497024,0.00396764840531054,0.148329009613917,0.0222798718144361
"2018-04-08",0.0438205585264409,0.0035650623885918,0.160724896019014,0.0270350564468212
"2018-04-09",0.0428571428571429,0.00481366459627329,0.150465838509317,0.0218944099378882
"2018-04-10",0.0461289848685177,0.00426032025855737,0.149992654620244,0.0226237696488908
"2018-04-11",0.0428072218986605,0.00334886429819453,0.152446126965638,0.023733255678509
"2018-04-12",0.0380175465599507,0.00400184700631061,0.158996459904571,0.0230875788825612
"2018-04-13",0.0394254278728606,0.00290342298288509,0.153117359413203,0.0226161369193154
"2018-04-14",0.0379587336588439,0.0031501023783273,0.150889903921877,0.0236257678374547
"2018-04-15",0.0363391655450875,0.00418722895169732,0.158815612382234,0.0234783909077314
"2018-04-16",0.0416286842904892,0.00470981464600425,0.150714068672136,0.0215739896687937
"2018-04-17",0.0403091377481437,0.00500075769055918,0.13744506743446,0.0257614790119715
"2018-04-18",0.0367481625918704,0.00494975251237438,0.149542522873856,0.0244487775611219
"2018-04-19",0.0408624849215923,0.00407117008443908,0.161188178528347,0.0248793727382388
"2018-04-20",0.038372272938264,0.00293981123317345,0.1491567383568,0.028779204703698
"2018-04-21",0.0417727204671358,0.00703698158406947,0.165294205719419,0.0218595598143435
"2018-04-22",0.0451266308518803,0.00521872601688411,0.162854950115119,0.0270145817344589
"2018-04-23",0.0421391357646338,0.00505669629175605,0.17085504137297,0.0228317499233834
"2018-04-24",0.0425627913972026,0.00481275379756354,0.142878628365168,0.0219581892013837
"2018-04-25",0.0440345135376376,0.00714073192502231,0.142368342755132,0.0214221957750669
"2018-04-26",0.0633171734978698,0.00690465697076539,0.127075069781108,0.0227706772440135
"2018-04-27",0.0504162812210916,0.00616712920135677,0.140764724020968,0.0231267345050879
"2018-04-28",0.0489846535420865,0.00713067741435436,0.14679894589986,0.0241822973182452
"2018-04-29",0.0415167865707434,0.00449640287769784,0.162170263788969,0.0206834532374101
"2018-04-30",0.0520068717788537,0.00437295017960331,0.161799156645323,0.0234265188193035
"2018-05-01",0.0400234569711186,0.00674387919659874,0.166837707081073,0.0281483653423252
"2018-05-02",0.0426468356351495,0.00561541963879193,0.151464562149036,0.0247382000303536
"2018-05-03",0.0470694048868236,0.00464697946334882,0.148703342827162,0.0226352870634088
"2018-05-04",0.0368437212158428,0.00475898065704636,0.151366287995088,0.0231808412649678
"2018-05-05",0.0388471177944862,0.00579573934837093,0.164473684210526,0.0258458646616541
"2018-05-06",0.0418466120625465,0.00580789277736411,0.18108711839166,0.0226358897989576
"2018-05-07",0.0456670822942643,0.00389650872817955,0.153366583541147,0.0236907730673317
"2018-05-08",0.0418320610687023,0.00351145038167939,0.151145038167939,0.0259541984732824
"2018-05-09",0.0448717948717949,0.00427350427350427,0.158577533577534,0.025030525030525
"2018-05-10",0.0391840328734957,0.00498972703257998,0.152333431171118,0.0227472850014676
"2018-05-11",0.0411888955944478,0.00347012673506337,0.1495171997586,0.021876885938443
"2018-05-12",0.0342828955481564,0.00357627327660624,0.180540140584536,0.0254038722407202
"2018-05-13",0.0480149304377333,0.00373260943332202,0.163386494740414,0.0254496097726502
"2018-05-14",0.044723541124215,0.00505437279828458,0.154694440189922,0.0215959565017614
"2018-05-15",0.0523721503388786,0.00462107208872458,0.153573629081947,0.0235674676524954
"2018-05-16",0.0502474876256187,0.00374981250937453,0.15749212539373,0.023998800059997
"2018-05-17",0.0492149758454106,0.00498188405797101,0.158665458937198,0.0238526570048309
"2018-05-18",0.0427205428747687,0.00478099938309685,0.157001850709439,0.0243676742751388
"2018-05-19",0.051821608040201,0.00361180904522613,0.155778894472362,0.0222989949748744
"2018-05-20",0.0435574442252239,0.0044012748520261,0.168462589163758,0.0230687509485506
"2018-05-21",0.0496111975116641,0.00544323483670296,0.156143079315708,0.0228615863141524
"2018-05-22",0.0520344879745878,0.00484041748600817,0.143094841930116,0.0240508243836031
"2018-05-23",0.0484377335924652,0.00433547615488115,0.146060696666168,0.0233218717297055
"2018-05-24",0.0529012810851545,0.00497362471740769,0.149962321024868,0.0227581009796534
"2018-05-25",0.0552469135802469,0.00524691358024691,0.157253086419753,0.0214506172839506
"2018-05-26",0.0450212641149729,0.00483941926968764,0.176125531602874,0.0196509752163074
"2018-05-27",0.0504670081349804,0.00527267249171437,0.163302199457668,0.0227478156071106
"2018-05-28",0.0477963073257892,0.00506253722453842,0.154556283502085,0.0266527695056581
"2018-05-29",0.0474612023504595,0.00527346692782884,0.15519059816182,0.0245592888353172
"2018-05-30",0.0496300863131936,0.00570283600493218,0.157983970406905,0.0238902589395808
"2018-05-31",0.0622209419559268,0.00504104853809592,0.144029958231312,0.024917182774017
"2018-06-01",0.0605474561142517,0.00535554894376674,0.146533769711395,0.0242487354953883
"2018-06-02",0.0566931540342298,0.00519559902200489,0.157854523227384,0.0264364303178484
"2018-06-03",0.0486746240892885,0.00465044179197024,0.157029917842195,0.0243373120446442
"2018-06-04",0.0480710349050827,0.00566442131047152,0.160287813839559,0.0246478873239437
"2018-06-05",0.0485744456177402,0.0037713078895761,0.154171066525871,0.020515914919294
"2018-06-06",0.048,0.00488888888888889,0.161925925925926,0.0213333333333333
"2018-06-07",0.0471047104710471,0.0045004500450045,0.151815181518152,0.0232523252325233
"2018-06-08",0.0401730531520396,0.0038627935723115,0.150494437577256,0.0245673671199011
"2018-06-09",0.0427163198247536,0.00406822093569082,0.163041777499609,0.0247222656861211
"2018-06-10",0.0460232350312779,0.005510872803098,0.162496276437295,0.028448019064641
"2018-06-11",0.0453094115858294,0.00608180021286301,0.15250114033754,0.0218944807663068
"2018-06-12",0.0425271531283463,0.00397735964509714,0.143643873336393,0.0256998623221661
"2018-06-13",0.0492186358989338,0.0064261720461516,0.152183438002045,0.0201548123265664
"2018-06-14",0.0455212922173275,0.00425844346549192,0.169309838472834,0.0217327459618209
"2018-06-15",0.0447560793674474,0.00447560793674474,0.172907653289572,0.0199910487841265
"2018-06-16",0.0418192918192918,0.00473137973137973,0.167582417582418,0.0245726495726496
"2018-06-17",0.0453223089879038,0.00444036135354463,0.160771704180064,0.0234267340376665
"2018-06-18",0.0415384615384615,0.004,0.153230769230769,0.0235384615384615
"2018-06-19",0.0437461491065927,0.00354282193468885,0.148028342575478,0.0251078250154036
"2018-06-20",0.0451337841811232,0.00499852984416348,0.151132019994119,0.0238165245516025
"2018-06-21",0.050659161605688,0.00533254332691453,0.157161901940453,0.0228114353429122
"2018-06-22",0.0473511486169714,0.00312548835755587,0.159868729488983,0.023441162681669
"2018-06-23",0.0483167082294264,0.00561097256857855,0.166147132169576,0.025716957605985
"2018-06-24",0.0442450495049505,0.00464108910891089,0.171101485148515,0.031095297029703
"2018-06-25",0.0453325380256487,0.00551744706233224,0.157918282135401,0.0237101103489412
"2018-06-26",0.0414760597743214,0.00442207990240927,0.145013723696249,0.0256175663311985
"2018-06-27",0.0426175003778147,0.00332476953302101,0.154450657397612,0.0243312679461992
"2018-06-28",0.0440223126790291,0.00437207899894467,0.165837479270315,0.0251771445801297
"2018-06-29",0.0445117335352006,0.00393641180923543,0.163058289174868,0.0284632853898562
"2018-06-30",0.0404025003811557,0.00487879249885653,0.16847080347614,0.0237841134319256
"2018-07-01",0.0471777590564448,0.0051951698960966,0.150379106992418,0.0272395394552092
"2018-07-02",0.048084147257701,0.00405709992486852,0.156273478587528,0.0241923365890308
"2018-07-03",0.0383740330653724,0.0039435765205521,0.158349764902169,0.0257849234036099
"2018-07-04",0.0447714464621165,0.00422667501565435,0.148246712586099,0.0250469630557295
"2018-07-05",0.0387361385386602,0.00501291204617955,0.148716390703327,0.0297736594257937
"2018-07-06",0.0389691041763701,0.00341561869274957,0.16053407855923,0.023754075454122
"2018-07-07",0.0455254131587153,0.00483317742438416,0.161365762394761,0.0258808855628313
"2018-07-08",0.0478886911502993,0.00388286685002427,0.156932535188481,0.0252386345251577
"2018-07-09",0.0510948905109489,0.00288929440389294,0.147810218978102,0.0279805352798054
"2018-07-10",0.041564039408867,0.00354064039408867,0.151323891625616,0.0249384236453202
"2018-07-11",0.0409312233718807,0.00456482045039562,0.147748021911138,0.0287583688374924
"2018-07-12",0.0482900569981001,0.00506649778340722,0.149778340721976,0.0202659911336289
"2018-07-13",0.0459097211523648,0.0041596056077646,0.1488214450778,0.0249576336465876
"2018-07-14",0.0455281918340894,0.00340246273493195,0.160563836681789,0.0278677900194426
"2018-07-15",0.0435779816513761,0.00443425076452599,0.158715596330275,0.0259938837920489
"2018-07-16",0.0467054568328353,0.00471772291240761,0.152696964931593,0.0287781097656864
"2018-07-17",0.0481927710843374,0.00353413654618474,0.152610441767068,0.0253815261044177
"2018-07-18",0.0425564368517389,0.00457596095179988,0.151769371568029,0.0219646125686394
"2018-07-19",0.0419325432999088,0.00425402613187481,0.145548465512002,0.0244606502582802
"2018-07-20",0.0431531391182427,0.00389468764605079,0.160149556005608,0.024770213428883
"2018-07-21",0.0490441867753055,0.00391726731432153,0.156377311187715,0.0202130993418991
"2018-07-22",0.0509992006394884,0.00559552358113509,0.160991207034373,0.0236610711430855
"2018-07-23",0.0430531461914525,0.00536193029490617,0.151080271250591,0.0261788361457183
"2018-07-24",0.0424608709127538,0.00542383387571672,0.149232914923291,0.0283589028358903
"2018-07-25",0.0451623020228948,0.0045475929120276,0.152265955778579,0.0260310490826407
"2018-07-26",0.0424336973478939,0.00405616224648986,0.147113884555382,0.0204368174726989
"2018-07-27",0.0530717272434867,0.00321646831778707,0.150209070440656,0.0229977484721775
"2018-07-28",0.0535400351606201,0.00383570401150711,0.150231740450695,0.0233338660700016
"2018-07-29",0.0480140373265274,0.00542351252193332,0.151858350614133,0.0263199872387941
"2018-07-30",0.0451045104510451,0.00487191576300487,0.154172560113154,0.0256168473990256
"2018-07-31",0.0475374064837905,0.00327306733167082,0.143391521197007,0.0260286783042394
"2018-08-01",0.0459875133241967,0.0033500837520938,0.149535556570732,0.0252779046748896
"2018-08-02",0.0481833775144238,0.00514579759862779,0.147356931233432,0.0224543895212849
"2018-08-03",0.0438172462186184,0.0043661312958054,0.148916263839077,0.02541712147201
"2018-08-04",0.0541586073500967,0.00886524822695036,0.137814313346228,0.0301418439716312
"2018-08-05",0.0478589420654912,0.00456549118387909,0.155541561712846,0.0292821158690176
"2018-08-06",0.0458772473651581,0.00340979541227526,0.154990700557967,0.0265034097954123
"2018-08-07",0.0537397862979258,0.0043997485857951,0.148805782526713,0.022784412319296
"2018-08-08",0.0501847290640394,0.00369458128078818,0.139162561576355,0.0226293103448276
"2018-08-09",0.0465922798552473,0.00407117008443908,0.1562123039807,0.0241254523522316
"2018-08-10",0.048582995951417,0.00358143880411087,0.152444721270632,0.0249143568981626
"2018-08-11",0.0474683544303797,0.00537974683544304,0.152215189873418,0.0286392405063291
"2018-08-12",0.046231309124199,0.00350930729325603,0.153341470857492,0.0292950869697894
"2018-08-13",0.0473580021318715,0.00411146642302421,0.155626617938176,0.0232983097304705
"2018-08-14",0.046005595275101,0.00435188063413118,0.141436120609263,0.0258004351880634
"2018-08-15",0.0448127685696746,0.00429711479435236,0.160374462860651,0.023634131368938
"2018-08-16",0.0510960670535139,0.00693101225016119,0.143455834945197,0.0299806576402321
"2018-08-17",0.0497751589393704,0.00480694681345945,0.14963560241898,0.0206233524577454
"2018-08-18",0.0483896811408428,0.0068899214869412,0.145970197083801,0.0256369171607114
"2018-08-19",0.0445141065830721,0.0061128526645768,0.158307210031348,0.0275862068965517
"2018-08-20",0.0519112789051439,0.00440459336164858,0.151958470976876,0.0248544911121598
"2018-08-21",0.0441083805923125,0.00425330812854442,0.151701323251418,0.0264650283553875
"2018-08-22",0.0531264692054537,0.00407459645823539,0.144961604764144,0.0228804262654756
"2018-08-23",0.0530700401110768,0.00447392780006171,0.151496451712434,0.0242209194692996
"2018-08-24",0.0512431776834445,0.00560946027895694,0.148726500909642,0.0259248029108551
"2018-08-25",0.0481324020649863,0.00652900091102338,0.147737625265715,0.030671120558761
"2018-08-26",0.0560570071258907,0.00475059382422803,0.152810768012668,0.028978622327791
"2018-08-27",0.051734917161613,0.00453266645826821,0.150672085026571,0.0243826195686152
"2018-08-28",0.0537132181223727,0.00513778608127043,0.149618558306088,0.0267787638175307
"2018-08-29",0.0524004240496744,0.00560351355444495,0.148114493412085,0.0287747993336362
"2018-08-30",0.0528601377657981,0.00524109014675052,0.150793650793651,0.0232105420784666
"2018-08-31",0.0502421307506053,0.00544794188861985,0.158898305084746,0.0275423728813559
"2018-09-01",0.0456392622694592,0.00406376992810253,0.165520475148484,0.029071584870272
"2018-09-02",0.0489425981873112,0.006797583081571,0.15785498489426,0.027190332326284
"2018-09-03",0.0454756380510441,0.00355761794276875,0.154369682907966,0.0312451662799691
"2018-09-04",0.0517133956386293,0.00451713395638629,0.149065420560748,0.0252336448598131
"2018-09-05",0.0436470953712333,0.00590245417831625,0.1587449518484,0.023609816713265
"2018-09-06",0.0482875655661833,0.00555384140697316,0.15581610614008,0.0243751928417155
"2018-09-07",0.0456392622694592,0.00328227571115974,0.159268521412942,0.0245389184120038
"2018-09-08",0.0450551206262981,0.00447355807637003,0.154817063428663,0.0292378974277041
"2018-09-09",0.0423623995052567,0.00448361162646877,0.161873840445269,0.028447742733457
"2018-09-10",0.042946660553263,0.00565489836466453,0.152835090936879,0.0244536145499007
"2018-09-11",0.0516823279781752,0.00515307668990603,0.148529857532586,0.0240982115792664
"2018-09-12",0.0506736068585426,0.00382731169626454,0.15003061849357,0.0249540722596448
"2018-09-13",0.0451575431973283,0.00406563089879483,0.158124001742413,0.0248293887033541
"2018-09-14",0.0441452723857232,0.00438321853475266,0.156386975579211,0.0241077019411396
"2018-09-15",0.0458170445660672,0.0037529319781079,0.154026583268178,0.0237685691946833
"2018-09-16",0.0497322111706197,0.00428462127008416,0.163580719204285,0.0246365723029839
"2018-09-17",0.0449631834560551,0.00391665361115463,0.153062823123923,0.0307065643114523
"2018-09-18",0.0413551045322753,0.00442545399053868,0.144819166793835,0.0276209369754311
"2018-09-19",0.0465675866949752,0.00495399858457183,0.166171266808209,0.0239207360226469
"2018-09-20",0.0465910855722938,0.00636744836154682,0.158254387327225,0.0220531138375524
"2018-09-21",0.0462410044403614,0.00444036135354463,0.160312356453836,0.0214362272240086
"2018-09-22",0.0474210931485758,0.00415704387990762,0.167205542725173,0.028175519630485
"2018-09-23",0.0435813815594426,0.00355766380077083,0.164245478802253,0.0269789504891788
"2018-09-24",0.0406790029056431,0.00397614314115308,0.151246367946169,0.0266095733292552
"2018-09-25",0.0546792849631966,0.00480697010665465,0.143007360672976,0.024785939612438
"2018-09-26",0.0457553146557792,0.00478670984091229,0.156835140081656,0.0249190482894552
"2018-09-27",0.0451774269188682,0.00484602157261216,0.147881819602939,0.0254806940753478
"2018-09-28",0.0454194345743859,0.0043256604356558,0.154024409083887,0.0185385447242391
"2018-09-29",0.0535035719714242,0.00516795865633075,0.155190758473932,0.0212798297613619
"2018-09-30",0.0469079939668175,0.00497737556561086,0.168024132730015,0.0257918552036199
"2018-10-01",0.0530759951749095,0.00542822677925211,0.154704463208685,0.0236731001206273
"2018-10-02",0.0472332619993886,0.00412717823295628,0.156832772852339,0.0226230510547233
"2018-10-03",0.0404957486669549,0.0040351635682375,0.158380170053322,0.0229139645482058
"2018-10-04",0.0453525641025641,0.00416666666666667,0.153205128205128,0.0235576923076923
"2018-10-05",0.0415741034592193,0.00349095525230086,0.156140907648366,0.025388765471279
"2018-10-06",0.0443318556048132,0.00443318556048132,0.1534198860038,0.0240658644711843
"2018-10-07",0.0504910988336403,0.00659914057704113,0.153468385512584,0.0256292203806016
"2018-10-08",0.04540385534491,0.00509797674048112,0.149434443205353,0.0245340130635654
"2018-10-09",0.0512739855300409,0.00581944007549544,0.144227744573765,0.025794274929223
"2018-10-10",0.0446330347320446,0.00408612289800409,0.151658022945152,0.024045261669024
"2018-10-11",0.0475319926873857,0.00274223034734918,0.150060938452163,0.0231566118220597
"2018-10-12",0.0506649778340722,0.00364154528182394,0.173210892970234,0.0221659278024066
"2018-10-13",0.0541586073500967,0.00483558994197292,0.146518375241779,0.0257898130238556
"2018-10-14",0.0455898480338399,0.00485665047783174,0.15525614914617,0.0299232335892214
"2018-10-15",0.0445388731507712,0.00314762354422411,0.154233553666981,0.0240793201133144
"2018-10-16",0.0502898323672254,0.00438665204449318,0.143662854457152,0.0252232492558358
"2018-10-17",0.0434972359615944,0.0046552225778295,0.155513529240617,0.022839685772476
"2018-10-18",0.0437540663630449,0.00471698113207547,0.150455432661028,0.0250487963565387
"2018-10-19",0.0455399061032864,0.00422535211267606,0.151643192488263,0.0220657276995305
"2018-10-20",0.0468211713122455,0.00391481365487003,0.158941434387723,0.0227059191982462
"2018-10-21",0.040006107802718,0.00717666819361735,0.170102305695526,0.0196976637654604
"2018-10-22",0.0433402127321797,0.00381012859183997,0.159549134783299,0.0276234322908398
"2018-10-23",0.0495064774830352,0.00647748303516348,0.145743368291178,0.0249845774213448
"2018-10-24",0.0435745937961595,0.00472673559822747,0.163515509601182,0.0243722304283604
"2018-10-25",0.0456788158522999,0.00477478911348082,0.16027375457584,0.0224415088333599
"2018-10-26",0.0383086949610555,0.00572246065808298,0.148625019869655,0.0206644412652996
"2018-10-27",0.0425566083186125,0.00401477436968042,0.151437289224346,0.026658101814678
"2018-10-28",0.0469798657718121,0.00468237864835336,0.165756204151709,0.0270017168721711
"2018-10-29",0.0444374902206228,0.0056329212955719,0.142074792677202,0.0251916757940854
"2018-10-30",0.0465753424657534,0.00593607305936073,0.144444444444444,0.0214611872146119
"2018-10-31",0.0364028998920253,0.00925497454881999,0.158105815209008,0.0211321918864723
"2018-11-01",0.0447289394657816,0.0085348506401138,0.158052789631737,0.027027027027027
"2018-11-02",0.0566839867737364,0.00535348763974177,0.155880963627775,0.0220437726342308
"2018-11-03",0.0497543970844557,0.0066550467437807,0.151006179686262,0.0263032799873237
"2018-11-04",0.0512351326623971,0.00594693504117109,0.145318694724001,0.0275998780115889
"2018-11-05",0.046115753636645,0.00588053234292789,0.145311049210771,0.0233673785205819
"2018-11-06",0.0530811470408786,0.00381330079316656,0.135906040268456,0.0204392922513728
"2018-11-07",0.0469839345256138,0.00484995453167627,0.155653228250985,0.0210669899969688
"2018-11-08",0.0488487865588052,0.00373366521468575,0.142345986309894,0.0228686994399502
"2018-11-09",0.0447833065810594,0.00401284109149278,0.159711075441413,0.0229534510433387
"2018-11-10",0.0426375019812966,0.00317007449675067,0.167221429703598,0.0180694246314788
"2018-11-11",0.0459492140266022,0.00513905683192261,0.16581015719468,0.0234280532043531
"2018-11-12",0.0502197112366604,0.00549278091650973,0.150031387319523,0.0285624607658506
"2018-11-13",0.0435513447432763,0.00458435207823961,0.15158924205379,0.0239914425427873
"2018-11-14",0.0475106253794778,0.00500910746812386,0.164693381906497,0.0247419550698239
"2018-11-15",0.0515370705244123,0.00467148884870404,0.151295961422544,0.0218505123568415
"2018-11-16",0.0461683417085427,0.00392587939698492,0.162845477386935,0.0243404522613065
"2018-11-17",0.0422759059122695,0.00365543547361729,0.15829624920534,0.02638270820089
"2018-11-18",0.0484386900228484,0.00411271896420411,0.158872810357959,0.0268088347296268
"2018-11-19",0.0471122241352324,0.00422601346063547,0.15291907966818,0.0245734856785099
"2018-11-20",0.0486511772961173,0.003586464992983,0.156401060346172,0.0219865897395915
"2018-11-21",0.0510651155763711,0.00423024626076447,0.165886085511407,0.0259857984589817
"2018-11-22",0.0459595190990717,0.00380459595190991,0.162684522903668,0.0229797595495358
"2018-11-23",0.0472918996644831,0.00319539862597859,0.158012462054641,0.0236459498322416
"2018-11-24",0.0469336670838548,0.00406758448060075,0.145650813516896,0.0204943679599499
"2018-11-25",0.0458743376230129,0.00590461771385314,0.154882664647994,0.0248296744890235
"2018-11-26",0.0423493044822257,0.00556414219474498,0.155023183925811,0.0228748068006182
"2018-11-27",0.0420582344785087,0.00400554614081035,0.158527191495917,0.0215683253735942
"2018-11-28",0.0486658580958156,0.00288053365676167,0.152971497877502,0.0227410551849606
"2018-11-29",0.043718361711919,0.00536892161374444,0.149409418622488,0.0220892774965485
"2018-11-30",0.0458393227918863,0.0052707235265932,0.160198051429484,0.0229995208433158
"2018-12-01",0.0470624902602462,0.00607760635811127,0.163627863487611,0.0289855072463768
"2018-12-02",0.0607387939845233,0.0115345305884071,0.154475105854869,0.0274492626660826
"2018-12-03",0.0776973891160742,0.00849323686693929,0.135891789871029,0.0215476564957534
"2018-12-04",0.0686214307645072,0.00706171323303654,0.138317470064477,0.0216456862143076
"2018-12-05",0.0635838150289017,0.00437431651304484,0.151851273238556,0.0224964849242306
"2018-12-06",0.0493749010919449,0.00506409241968666,0.17471118847919,0.0199398639025162
"2018-12-07",0.0449401875202069,0.00404138376980278,0.154380860006466,0.0265114775299062
"2018-12-08",0.0474015748031496,0.00362204724409449,0.16,0.0250393700787402
"2018-12-09",0.0469199334039655,0.00650824882700166,0.157711518086878,0.0237626759497503
"2018-12-10",0.0501954652071931,0.00609851446442533,0.152150117279124,0.0247068021892103
"2018-12-11",0.0502828409805154,0.00487115021998743,0.147077309868008,0.0260842237586424
"2018-12-12",0.0447829398324448,0.00441736481340442,0.166641279512567,0.0265041888804265
"2018-12-13",0.0485407066052227,0.00307219662058372,0.15852534562212,0.0221198156682028
"2018-12-14",0.0444514501891551,0.00362547288776797,0.161727616645649,0.0234867591424968
"2018-12-15",0.0417396845626892,0.00414210610164091,0.164250438107376,0.0237374541978652
"2018-12-16",0.043652013525976,0.00368890255149093,0.165539501998156,0.0282815862280971
"2018-12-17",0.0526723470178156,0.00945003872966692,0.154144074360961,0.0278853601859024
"2018-12-18",0.0558312655086849,0.00883995037220844,0.144230769230769,0.0255893300248139
"2018-12-19",0.0571772494733674,0.00767378874510984,0.167168221486608,0.0230213662353295
"2018-12-20",0.0484423676012461,0.0043613707165109,0.166978193146417,0.0224299065420561
"2018-12-21",0.05296,0.00384,0.1816,0.02272
"2018-12-22",0.0436863229391788,0.00540290213028713,0.181846248842235,0.0267057733868478
"2018-12-23",0.0481158517595765,0.00342572407349735,0.183276237932108,0.0277172220492059
"2018-12-24",0.039914031317163,0.00506601166717839,0.258366595026098,0.0256370893460239
"2018-12-25",0.045016077170418,0.00514469453376206,0.22443729903537,0.0265273311897106
"2018-12-26",0.0480274442538593,0.00374239825354748,0.171682519881491,0.0263527210353969
"2018-12-27",0.053999690546186,0.00665325700139254,0.149930372891846,0.025220485842488
"2018-12-28",0.0533896978237044,0.00407076874902145,0.167214654767496,0.0261468608110224
"2018-12-29",0.0494332493702771,0.00409319899244332,0.16404282115869,0.0277078085642317
"2018-12-30",0.0467393020685299,0.00442128533080688,0.165956102952787,0.0303173851255329
"2018-12-31",0.033803644914756,0.0033803644914756,0.290123456790123,0.0291005291005291
"2019-01-01",0.0374139010644959,0.00313087038196619,0.244051346274264,0.0292736380713838
"2019-01-02",0.0538969201759899,0.00424261470773099,0.166247642991829,0.0273412947831552
"2019-01-03",0.0477210156011013,0.00611807892321811,0.152951973080453,0.0237075558274702
"2019-01-04",0.0562949365152211,0.00397735964509714,0.156187853755545,0.029524246596298
"2019-01-05",0.0572375357734599,0.00617562885976804,0.164331977707486,0.0271125169453231
"2019-01-06",0.047248471372985,0.00333518621456365,0.174958310172318,0.0273763201778766
"2019-01-07",0.0477790765634132,0.00409117475160725,0.154880187025132,0.032437171244886
"2019-01-08",0.0542078466606769,0.00374363581910752,0.15528601377658,0.0284516322252171
"2019-01-09",0.0540206822040438,0.00586510263929619,0.14631887636981,0.0277820651335083
"2019-01-10",0.0516468223287459,0.00432967372815834,0.166383176124942,0.0252048863460646
"2019-01-11",0.0457331447430457,0.0044004400440044,0.153072450102153,0.0256168473990256
"2019-01-12",0.0491099809281627,0.00508582326764145,0.15034965034965,0.0267005721551176
"2019-01-13",0.0455764075067024,0.00372356270479595,0.155049151027703,0.0260649389335716
"2019-01-14",0.0479356734188959,0.00371114890985001,0.14473480748415,0.0248956239369105
"2019-01-15",0.0538151364764268,0.00387717121588089,0.153846153846154,0.024348635235732
"2019-01-16",0.0529260547406623,0.00453651897777106,0.15046121276274,0.0229850294873734
"2019-01-17",0.0460696366124373,0.00425726014900411,0.152805230348183,0.0269119659419188
"2019-01-18",0.0530638029058749,0.00394819962097284,0.153979785217941,0.0217940619077701
"2019-01-19",0.0541909732883021,0.0039914031317163,0.150905741479889,0.026097635861222
"2019-01-20",0.0495593122381159,0.00491258488657708,0.164427105909551,0.0265857535038289
"2019-01-21",0.0416467209191001,0.00414871549385671,0.150151587681506,0.025690122865805
"2019-01-22",0.0466153846153846,0.00523076923076923,0.147076923076923,0.0252307692307692
"2019-01-23",0.0548715610275118,0.00410396716826265,0.140750873993008,0.0238638090895273
"2019-01-24",0.0538602380225816,0.00411962160512664,0.150289899298139,0.0222764723832774
"2019-01-25",0.0441153786827086,0.003701989819528,0.152552830479716,0.025913928736696
"2019-01-26",0.0524205982115325,0.00385445575084798,0.153098982423682,0.0386987357385137
"2019-01-27",0.0464866523473458,0.0042957962565204,0.169990794722307,0.0242405645903651
"2019-01-28",0.0411973460885666,0.00540040117265854,0.156303039654374,0.0266934115105694
"2019-01-29",0.0463004993191103,0.0042366469965199,0.148887880163414,0.0260251172643365
"2019-01-30",0.0451185709886049,0.00523560209424084,0.151216507545427,0.0237141977209732
"2019-01-31",0.0458282582216809,0.00258830694275274,0.157886723507917,0.0219244823386114
"2019-02-01",0.0482076637824475,0.00401730531520396,0.162237330037083,0.0207045735475896
"2019-02-02",0.044318011678395,0.00464141338523731,0.153915256774966,0.0260518041622997
"2019-02-03",0.054973037747154,0.00419412822049131,0.157279808268424,0.0287597363690833
"2019-02-04",0.0489721886336155,0.00483675937122128,0.148579201934704,0.0264510278113664
"2019-02-05",0.0467230106841014,0.00382714080688885,0.146388135863499,0.0231223090416202
"2019-02-06",0.0474137931034483,0.00554187192118227,0.144550492610837,0.0198583743842365
"2019-02-07",0.0563444800732936,0.00534432737822568,0.144449534280043,0.0221407848526493
"2019-02-08",0.0544461778471139,0.00452418096723869,0.152886115444618,0.0223088923556942
"2019-02-09",0.0535491905354919,0.0049813200498132,0.161114570361146,0.0227272727272727
"2019-02-10",0.0631040363843093,0.00753268902785674,0.151506537805571,0.0250142126208073
"2019-02-11",0.0510361892978658,0.00541292916795546,0.157902876585215,0.0275286111970306
"2019-02-12",0.054492127199753,0.00586600802716888,0.152979314603273,0.0233096634763816
"2019-02-13",0.0545045045045045,0.0042042042042042,0.16006006006006,0.0216216216216216
"2019-02-14",0.0506828528072838,0.00455235204855842,0.169044006069803,0.0197268588770865
"2019-02-15",0.0558053015036428,0.00496047124476825,0.149124166795846,0.0232522089598512
"2019-02-16",0.0540878536814132,0.00422072846646866,0.163045177426919,0.0259496639049554
"2019-02-17",0.0571079554130402,0.00519163231027638,0.150862727133914,0.0282485875706215
"2019-02-18",0.0522568918509543,0.00378673129354741,0.154650106028476,0.0193880642229627
"2019-02-19",0.0525454004167907,0.00446561476629949,0.152277463530813,0.026793688597797
"2019-02-20",0.0480517480363468,0.00554443246573233,0.156322193131064,0.0246419220699215
"2019-02-21",0.049740616417455,0.00381446444919133,0.156850778150748,0.0218187366493744
"2019-02-22",0.0509682416731216,0.00464756003098373,0.153524399690163,0.0229279628195198
"2019-02-23",0.0483870967741935,0.00632511068943706,0.152751423149905,0.0253004427577483
"2019-02-24",0.0454956312142211,0.00662850256101235,0.154263332329015,0.0265140102440494
"2019-02-25",0.0489197530864197,0.00401234567901235,0.154783950617284,0.0251543209876543
"2019-02-26",0.0499616858237548,0.0053639846743295,0.153409961685824,0.0265134099616858
"2019-02-27",0.0418250950570342,0.00547528517110266,0.15467680608365,0.0226615969581749
"2019-02-28",0.0477867973655996,0.0041353959258692,0.16296523204166,0.0223617705621075
"2019-03-01",0.0453475600188294,0.00470735917150479,0.163031539306449,0.021967676133689
"2019-03-02",0.047589032461393,0.0039394894421683,0.162779703750394,0.023479357075323
"2019-03-03",0.0492080578194679,0.00507458096263263,0.157927110564355,0.0242964785483623
"2019-03-04",0.0514484723761279,0.00364096881431059,0.145480449580497,0.0272281146113662
"2019-03-05",0.0511262596324837,0.0044457617071725,0.142857142857143,0.024303497332543
"2019-03-06",0.0522594528127882,0.0055333538272364,0.144020903781125,0.022594528127882
"2019-03-07",0.0503608168278827,0.0042990941194534,0.156916935360049,0.0256410256410256
"2019-03-08",0.0508958300301253,0.00396384969081972,0.17282384651974,0.0241002061201839
"2019-03-09",0.0576771962910577,0.00487191576300487,0.161873330190162,0.0227879930850228
"2019-03-10",0.0545785324439054,0.00500303214069133,0.156913280776228,0.0254699818071559
"2019-03-11",0.0457476205096715,0.00491249616211237,0.155357691126804,0.026865213386552
"2019-03-12",0.0507931665649786,0.00564368517388652,0.150091519219036,0.024862721171446
"2019-03-13",0.0533455265965554,0.0044200579180003,0.146471574455114,0.022709952751105
"2019-03-14",0.0502374023587073,0.0041353959258692,0.154694440189922,0.0215959565017614
"2019-03-15",0.0469670434644165,0.00429867855437032,0.153001114472218,0.0229262856233084
"2019-03-16",0.0490739274972297,0.00443248377394333,0.166851353490581,0.0239037517809087
"2019-03-17",0.0466463414634146,0.00503048780487805,0.161432926829268,0.0263719512195122
"2019-03-18",0.0455396132252027,0.00561447286338116,0.162663755458515,0.0244853399875234
"2019-03-19",0.044744100520993,0.00413729696598223,0.171927673919706,0.0249770150168557
"2019-03-20",0.0485257985257985,0.00552825552825553,0.157094594594595,0.0248771498771499
"2019-03-21",0.0446102314250914,0.00380633373934227,0.150426309378806,0.0242082825822168
"2019-03-22",0.0475081509082441,0.00496817264399938,0.16146561092998,0.0270144387517466
"2019-03-23",0.0498695718889059,0.00491023477059997,0.162804971612705,0.0225563909774436
"2019-03-24",0.0483005366726297,0.00581395348837209,0.154144305307096,0.032051282051282
"2019-03-25",0.0538239318838376,0.00440930515432568,0.157214535502509,0.0258476509046678
"2019-03-26",0.0507694520350928,0.00503379836041996,0.145836329641881,0.0243060549403135
"2019-03-27",0.0415640839971035,0.00463432295438088,0.151049963794352,0.0224475018102824
"2019-03-28",0.0503060158232572,0.00492610837438424,0.154052843708016,0.0238841618151963
"2019-03-29",0.0447409733124019,0.00392464678178964,0.156514913657771,0.0262166405023548
"2019-03-30",0.0536562931166641,0.00643875517399969,0.152843783535183,0.0280545761152844
"2019-03-31",0.0428571428571429,0.00500736377025037,0.167893961708395,0.0288659793814433
"2019-04-01",0.0430192247084778,0.00567286479672234,0.153955247399937,0.0272612669398046
"2019-04-02",0.0440838818307056,0.00505127812643502,0.152762896066126,0.0273993571100566
"2019-04-03",0.0498998921915909,0.00446634837517326,0.150931772678269,0.0237178499922994
"2019-04-04",0.0499842816724301,0.0045583149952845,0.15891229173216,0.0281358063502043
"2019-04-05",0.050047664442326,0.0046075627581824,0.1534795042898,0.0265332062281538
"2019-04-06",0.0495488364730093,0.00427418078201678,0.159411112870033,0.0239037517809087
"2019-04-07",0.0467435338111561,0.00405110626363353,0.15269554378311,0.0294484263010284
"2019-04-08",0.0496811010406177,0.00503524672708963,0.151057401812689,0.0248405505203088
"2019-04-09",0.0446592234627562,0.00533244459256791,0.153474420929845,0.0261623062822863
"2019-04-10",0.0446982055464927,0.00570962479608483,0.153017944535073,0.0293637846655791
"2019-04-11",0.0584181675802663,0.00563821456538763,0.159592795614722,0.0244322631166797
"2019-04-12",0.047004132231405,0.00482093663911846,0.161329201101928,0.0237603305785124
"2019-04-13",0.0454333281468804,0.00497899486541154,0.16881904465536,0.0230278512525284
"2019-04-14",0.0453853183064271,0.00624428876028023,0.166311300639659,0.0260432531221444
"2019-04-15",0.0524548216855909,0.00671677594754518,0.123780585319047,0.0444586598432752
"2019-04-16",0.053030303030303,0.00515796260477112,0.144100580270793,0.0251450676982592
"2019-04-17",0.0464784263959391,0.00666243654822335,0.146256345177665,0.0225253807106599
"2019-04-18",0.0484276729559748,0.00550314465408805,0.155660377358491,0.0265723270440252
"2019-04-19",0.052443199502023,0.0065359477124183,0.141456582633053,0.0206971677559913
"2019-04-20",0.0507941500235886,0.00503223777323479,0.151753420349111,0.0287781097656864
"2019-04-21",0.0571517316353471,0.00403789408293213,0.14909147383134,0.0276440441062277
"2019-04-22",0.0591808129574833,0.00669677620308363,0.147952032393708,0.0258526709235322
"2019-04-23",0.0468148148148148,0.00459259259259259,0.157333333333333,0.0216296296296296
"2019-04-24",0.0512048192771084,0.00568942436412316,0.141566265060241,0.0297858099062918
"2019-04-25",0.0492412511613503,0.00588417466707959,0.152059461133478,0.0277175596159802
"2019-04-26",0.0511665325824618,0.00579243765084473,0.151729686242961,0.0223652453740949
"2019-04-27",0.0595923447953944,0.00684611793994087,0.160728177999066,0.0244281935584254
"2019-04-28",0.0589499127165301,0.00980260507586948,0.15308177789714,0.0241708070363905
"2019-04-29",0.0605663774758553,0.00605663774758553,0.143231298084793,0.0281551808806679
"2019-04-30",0.0592662276575729,0.00533082470994042,0.145186578864848,0.0277516462841016
"2019-05-01",0.0546932742054693,0.00679970436067997,0.165114560236511,0.0260162601626016
"2019-05-02",0.0454476364189087,0.00395196838425293,0.158990728074175,0.0294877640978872
"2019-05-03",0.047179148795777,0.00494886176179479,0.156878917848895,0.0252391949851534
"2019-05-04",0.0485068731237162,0.00284405119292147,0.165744983409701,0.0267024806446516
"2019-05-05",0.0462323626538577,0.00480336235364755,0.181477033923747,0.0283698589012309
"2019-05-06",0.0459159014016433,0.00483325277912035,0.160463992266796,0.0301272756565168
"2019-05-07",0.0403458213256484,0.00455028060063704,0.159259821022296,0.0239648111633551
"2019-05-08",0.0420495249961065,0.00436069148107771,0.157763588226133,0.0272543217567357
"2019-05-09",0.0447299179693546,0.00479801888252592,0.168394985296394,0.0275499148738585
"2019-05-10",0.0452157299793027,0.00413946823754179,0.159051106511702,0.0262697022767075
"2019-05-11",0.0446927374301676,0.00619054808998943,0.163974029895818,0.0280839498716594
"2019-05-12",0.0424242424242424,0.00490620490620491,0.162481962481962,0.026984126984127
"2019-05-13",0.0425794507867942,0.00478247454489355,0.141622955877815,0.0259179265658747
"2019-05-14",0.0393621606091079,0.0041660680936647,0.15601206723172,0.0225542307139779
"2019-05-15",0.0448174957646696,0.00569844447866934,0.15909440936393,0.0247959340828585
"2019-05-16",0.0475551580202743,0.00327966607036374,0.152355396541443,0.0265354800238521
"2019-05-17",0.0523702754644459,0.00464445868033312,0.157110826393338,0.0289878283151826
"2019-05-18",0.0425751515933428,0.0043865307702232,0.170687653206038,0.023480841181783
"2019-05-19",0.04297440849831,0.00402382102044101,0.168034765813617,0.0267181715757283
"2019-05-20",0.0407098121085595,0.00417536534446764,0.152102594691321,0.0265433939755443
"2019-05-21",0.0476190476190476,0.00256991685563114,0.151322751322751,0.0266061980347695
"2019-05-22",0.0498866213151927,0.0036281179138322,0.155102040816327,0.0246409674981104
"2019-05-23",0.0488404238980187,0.00552910459222854,0.154968514821072,0.0261096605744125
"2019-05-24",0.0482442748091603,0.00564885496183206,0.166106870229008,0.0262595419847328
"2019-05-25",0.0477590007347539,0.00367376928728876,0.180749448934607,0.0260102865540044
"2019-05-26",0.0454095345876362,0.00523412080916678,0.161267506012166,0.0287169330881313
"2019-05-27",0.0590200445434298,0.00413617562838053,0.154947502386255,0.031021317212854
"2019-05-28",0.0551382211538462,0.00435697115384615,0.150991586538462,0.0271935096153846
"2019-05-29",0.0507759529908091,0.00391743257495857,0.15247852945608,0.0275726985083622
"2019-05-30",0.0499335204609248,0.00723888314374354,0.159107696853302,0.0260008863938543
"2019-05-31",0.0455271565495208,0.00319488817891374,0.164376996805112,0.0241214057507987
"2019-06-01",0.0423042304230423,0.0048004800480048,0.15961596159616,0.0321032103210321
"2019-06-02",0.0451017718553229,0.0048323326987846,0.165031483379704,0.027383218626446
"2019-06-03",0.0483452798535916,0.00594784200091505,0.158456611255147,0.0239438767729144
"2019-06-04",0.045767641206184,0.00551048522883821,0.165314556865146,0.0277054951783254
"2019-06-05",0.0435056746532156,0.00567465321563682,0.157786885245902,0.0234867591424968
"2019-06-06",0.0462305484212117,0.00423024626076447,0.156519111648285,0.0252303973409881
"2019-06-07",0.0419602317206826,0.00532331297948959,0.175043056207922,0.0263034288398309
"2019-06-08",0.0420447670901391,0.00620084694494858,0.165003024803388,0.0308529945553539
"2019-06-09",0.0419841840402588,0.00661394680086269,0.173687994248742,0.0248741912293314
"2019-06-10",0.0474339035769829,0.00419906687402799,0.158164852255054,0.0267496111975117
"2019-06-11",0.0497623291740939,0.00445632798573975,0.15359477124183,0.030600118835413
"2019-06-12",0.0484460694698355,0.00548446069469835,0.157221206581353,0.0287934186471664
"2019-06-13",0.0443571844095404,0.00596276905177429,0.157649796393252,0.0315590459569517
"2019-06-14",0.0469679909924401,0.00498632781084124,0.167765803442175,0.0320090075599164
"2019-06-15",0.0563109665976944,0.00384274312740171,0.159917233224948,0.026899201891812
"2019-06-16",0.0515403708570594,0.00496422835450431,0.163089502117097,0.029347349978099
"2019-06-17",0.0506231727958147,0.00569318356670257,0.15525465456224,0.0273888290506232
"2019-06-18",0.0467419904039622,0.00572666769849868,0.157405974307383,0.0283237888871692
"2019-06-19",0.0501743216613612,0.00636653024101864,0.156737911171745,0.0275882977110808
"2019-06-20",0.0460688853364337,0.00508646998982706,0.164946955384392,0.0248510390931551
"2019-06-21",0.0487308053901598,0.00423064869946725,0.173143215293012,0.0261673456596678
"2019-06-22",0.0465833718957273,0.00431898812278266,0.169828782970847,0.0279191732222736
"2019-06-23",0.0467792557166343,0.00657599760872814,0.16051412344941,0.0282468988193095
"2019-06-24",0.0533068581029479,0.00534595998167099,0.162517183442798,0.0265770581945929
"2019-06-25",0.051570197044335,0.00446428571428571,0.155634236453202,0.0294027093596059
"2019-06-26",0.0528455284552846,0.0040650406504065,0.159161976235147,0.0282989368355222
"2019-06-27",0.0510405590156464,0.00364575421540331,0.151754519216163,0.0265836244873158
"2019-06-28",0.0464285714285714,0.00295031055900621,0.164285714285714,0.022360248447205
"2019-06-29",0.0501299098272963,0.00458505272810637,0.153904936573437,0.0296500076417545
"2019-06-30",0.0421632896305125,0.00953516090584029,0.164630512514899,0.0305423122765197
"2019-07-01",0.0483771251931994,0.00540958268933539,0.159505409582689,0.0296754250386399
"2019-07-02",0.0527748374414033,0.0055950400725843,0.143051565099047,0.0278239830636625
"2019-07-03",0.0518417462482947,0.00500227376080036,0.159769592238896,0.0301652266181598
"2019-07-04",0.0567066521264995,0.00420626265773485,0.158280105935504,0.0281975385574077
"2019-07-05",0.0519579460612525,0.00441871095535578,0.163339936004876,0.024531464269389
"2019-07-06",0.0520926090828139,0.00474918373404571,0.160284951024043,0.0281982784208964
"2019-07-07",0.0703915530136384,0.00425282299457398,0.157501099868016,0.0327027423375862
"2019-07-08",0.0540795472409998,0.00455903159880522,0.15783681811036,0.0315988052193051
"2019-07-09",0.0526636225266362,0.00624048706240487,0.153272450532725,0.0251141552511416
"2019-07-10",0.0504525894049562,0.00519364890933373,0.146609289212049,0.0284908740169165
"2019-07-11",0.0474030037546934,0.00500625782227785,0.150657071339174,0.0289424280350438
"2019-07-12",0.0455399061032864,0.005320813771518,0.156338028169014,0.0245696400625978
"2019-07-13",0.0492968171724648,0.00666173205033309,0.148186528497409,0.0275351591413768
"2019-07-14",0.0500297796307326,0.00446694460988684,0.155300774270399,0.0276950565812984
"2019-07-15",0.0516320474777448,0.0043026706231454,0.153412462908012,0.029080118694362
"2019-07-16",0.0466656399199138,0.00477437240104728,0.160326505467426,0.0297243184968428
"2019-07-17",0.0477140227063516,0.00414237496164468,0.14835839214483,0.0262350414237496
"2019-07-18",0.0521518230723252,0.00523012552301255,0.147489539748954,0.0264494919306635
"2019-07-19",0.0464115567850008,0.0053788228062087,0.162594129399109,0.0267404333794375
"2019-07-20",0.0501947857356907,0.00419538507641594,0.148636499850165,0.0260713215462991
"2019-07-21",0.0449985246385364,0.00368840365889643,0.149306580112127,0.0296547654175273
"2019-07-22",0.0531850045717769,0.00472416946053033,0.143858579701311,0.0275830539469674
"2019-07-23",0.0602891418025223,0.0064595509074131,0.139649338665026,0.0286065825899723
"2019-07-24",0.0599568434032059,0.00416152897657213,0.140258939580764,0.0251233045622688
"2019-07-25",0.0654319113405192,0.00516168210110824,0.137088204038257,0.0256565963260969
"2019-07-26",0.0596056854653828,0.00534922818279077,0.156044627846554,0.0232309338224056
"2019-07-27",0.0545101553166069,0.00657108721624851,0.155465949820789,0.0309139784946237
"2019-07-28",0.0479331574318382,0.00483729111697449,0.151715039577836,0.0337144532395192
"2019-07-29",0.0475829671162297,0.0051522958023943,0.148355811486589,0.0295499318078497
"2019-07-30",0.0485235198100608,0.00489686897165752,0.15358361774744,0.0284908740169165
"2019-07-31",0.0453786614053726,0.00561541963879193,0.16482015480346,0.0297465472757626
"2019-08-01",0.0473554735547355,0.00338253382533825,0.153444034440344,0.027060270602706
"2019-08-02",0.0486732611084943,0.00502433663055425,0.15732454074423,0.0266917883498194
"2019-08-03",0.0429711479435236,0.0049109883364027,0.1585328422345,0.0263965623081645
"2019-08-04",0.0530416541804016,0.00449505543901708,0.148186994306263,0.0296673658975127
"2019-08-05",0.0461254612546125,0.00492004920049201,0.160824108241082,0.0329028290282903
"2019-08-06",0.0473210196916501,0.00320561746298275,0.153259044420699,0.0308349870248817
"2019-08-07",0.050381222903274,0.00493347286589924,0.147406189265959,0.0304978322619226
"2019-08-08",0.0480036574215178,0.00457177689728741,0.15742151782993,0.0259067357512953
"2019-08-09",0.0470515400092865,0.00479801888252592,0.150905432595573,0.0261569416498994
"2019-08-10",0.0527806769047264,0.00402564484866557,0.150738034888922,0.028328611898017
"2019-08-11",0.0513124721933857,0.0038558505116417,0.154382322408424,0.0299569924366009
"2019-08-12",0.0453720508166969,0.00544464609800363,0.147761645493043,0.0314579552329099
"2019-08-13",0.05,0.00432835820895522,0.154179104477612,0.0288059701492537
"2019-08-14",0.0508677438659485,0.0056852184320766,0.162327947336924,0.0261819269898265
"2019-08-15",0.0471227911191663,0.00453103760761214,0.151185621507325,0.0294517444494789
"2019-08-16",0.0463114145762209,0.00504675671663945,0.153926079857503,0.0283508980258275
"2019-08-17",0.0489260143198091,0.00432577565632458,0.147971360381862,0.030727923627685
"2019-08-18",0.0508990719257541,0.00623549883990719,0.154727378190255,0.0303074245939675
"2019-08-19",0.0519079252278696,0.00540707554456975,0.144137185230959,0.0305885987949946
"2019-08-20",0.0513928199016833,0.00417101147028154,0.152986742142112,0.0353046328020259
"2019-08-21",0.0517727340157247,0.00637887553775404,0.149236018394897,0.0272956534638778
"2019-08-22",0.048532055122828,0.00404433792690234,0.149790293588975,0.0301078490113841
"2019-08-23",0.0455913331327114,0.0036111947035811,0.154980439362022,0.0282876918447186
"2019-08-24",0.0487335209598578,0.00340690268108428,0.155088135091098,0.0309583765368094
"2019-08-25",0.0397065170479068,0.00532297511149475,0.15954538915264,0.0363976406272479
"2019-08-26",0.0443230115361263,0.00743776563448695,0.160139647844566,0.0297510625379478
"2019-08-27",0.0420483556089503,0.00525604445111879,0.157831506232167,0.025529358762577
"2019-08-28",0.0510915706488781,0.00545785324439054,0.148726500909642,0.0289569436021831
"2019-08-29",0.042331196899687,0.00476971232672529,0.164704128782233,0.0341332538381279
"2019-08-30",0.0434782608695652,0.00498675393486053,0.158796945613215,0.0308555399719495
"2019-08-31",0.0474674384949349,0.00520984081041968,0.165557163531114,0.0285094066570188
"2019-09-01",0.0439848528983396,0.00524322749781532,0.156859889309642,0.0302942033207107
"2019-09-02",0.0462628089210368,0.00617842073538276,0.163351416515973,0.0320976491862568
"2019-09-03",0.0473676036651654,0.00667805559869545,0.161515763317285,0.0284205621990992
"2019-09-04",0.054178145087236,0.0056626874808693,0.149678604224059,0.0286195286195286
"2019-09-05",0.0443067389620449,0.00449264136328428,0.144074360960496,0.0309837335398916
"2019-09-06",0.0418178949029509,0.00410288780179896,0.163799905317974,0.0268265740886855
"2019-09-07",0.0449617346938775,0.00542091836734694,0.161511479591837,0.0302933673469388
"2019-09-08",0.0433005299015897,0.00560181680545042,0.164723694171083,0.0319454958364875
"2019-09-09",0.0420263886626486,0.00553836129662812,0.166150838898843,0.0281804854210784
"2019-09-10",0.0476116865048694,0.00633791930746638,0.150718812799505,0.0275158447982687
"2019-09-11",0.0478173685022366,0.00539873515347833,0.163350300786673,0.0289989202529693
"2019-09-12",0.0484483850538315,0.00601646611779607,0.158644711842939,0.0288157061431286
"2019-09-13",0.0421847945852353,0.00661104989768613,0.168896584290886,0.0248701400912954
"2019-09-14",0.0406491959499702,0.00655151876116736,0.151578320428827,0.02829064919595
"2019-09-15",0.0428281068524971,0.00435540069686411,0.179297328687573,0.0256968641114983
"2019-09-16",0.0464968152866242,0.00557324840764331,0.15812101910828,0.0262738853503185
"2019-09-17",0.0500527664706769,0.00527664706769184,0.155736469169305,0.0232172470978441
"2019-09-18",0.0513562938128619,0.00457177689728741,0.152087778116428,0.0277354465102103
"2019-09-19",0.0495327102803738,0.00404984423676012,0.15404984423676,0.0266355140186916
"2019-09-20",0.0478918058870326,0.00334128878281623,0.156881463802705,0.0241845664280032
"2019-09-21",0.0450733752620545,0.00494159928122192,0.160676849356095,0.0245582509733453
"2019-09-22",0.0500381388253242,0.00671243325705568,0.155301296720061,0.0321891685736079
"2019-09-23",0.0463941203491043,0.00428724544480171,0.15265656101669,0.0266421681212678
"2019-09-24",0.0487729587899367,0.00478468899521531,0.146627565982405,0.0297885476153727
"2019-09-25",0.0490454757100729,0.00512183765326711,0.153189507993171,0.0262300170727922
"2019-09-26",0.0497918914752582,0.0058578695853245,0.144751040542624,0.0215816247880376
"2019-09-27",0.0487998728342076,0.00588141789858528,0.150214592274678,0.0222540136703227
"2019-09-28",0.0525759178123584,0.00483456715515939,0.162260160145037,0.0250793171173893
"2019-09-29",0.0488243223004343,0.00254605361689381,0.154710199191254,0.0277070540661974
"2019-09-30",0.045660621761658,0.00501943005181347,0.163374352331606,0.0281735751295337
"2019-10-01",0.0486534741853891,0.00431483410206814,0.155185240291623,0.0264841541437286
"2019-10-02",0.050261780104712,0.00433807030665669,0.154375467464473,0.0290201944652206
"2019-10-03",0.0484788171737276,0.00710833096388968,0.14628945123685,0.0267273244242252
"2019-10-04",0.0480282338499309,0.00429645542427497,0.16341875095903,0.0253183980359061
"2019-10-05",0.0479320734045467,0.00534100246507806,0.164064639824706,0.0272528074500137
"2019-10-06",0.0499659632402995,0.00544588155207624,0.166916269571137,0.0251872021783526
"2019-10-07",0.048482232772263,0.00532297511149475,0.157243562077399,0.0274780607106891
"2019-10-08",0.0492674518816432,0.00445274346452169,0.15900603274921,0.0262855501292732
"2019-10-09",0.0465918895599655,0.00316364682197297,0.155593902789761,0.0257405809605982
"2019-10-10",0.0530846484935438,0.00459110473457676,0.152797704447633,0.0279770444763271
"2019-10-11",0.0507903981264637,0.00336651053864169,0.156908665105386,0.0253220140515222
"2019-10-12",0.0448462414578588,0.005125284738041,0.17625284738041,0.0273348519362187
"2019-10-13",0.0491981516716499,0.00638760532753466,0.149497145963577,0.0323457461266649
"2019-10-14",0.068339340171888,0.0049902966454117,0.140421402827835,0.0239811477682284
"2019-10-15",0.0745632136469941,0.00550282019535012,0.134406383271427,0.0268262484523318
"2019-10-16",0.0716206652512385,0.0059447983014862,0.131493276716207,0.0250530785562633
"2019-10-17",0.0744756741332572,0.00556427450420887,0.137394778142388,0.0252532458267941
"2019-10-18",0.0871950339252202,0.00678504403060488,0.122708243106684,0.0222318463981522
"2019-10-19",0.076541459957477,0.0072289156626506,0.131679659815734,0.0260807937632884
"2019-10-20",0.0651577503429355,0.00521262002743484,0.14636488340192,0.0262002743484225
"2019-10-21",0.0545317220543807,0.00604229607250755,0.148791540785498,0.024773413897281
"2019-10-22",0.0508548882069268,0.00511471576793804,0.144527254128306,0.0277655998830922
"2019-10-23",0.0504357765395056,0.00614373481925989,0.149164166309473,0.029432776110873
"2019-10-24",0.0582910437525717,0.00534906048553011,0.143053079138664,0.021807708133315
"2019-10-25",0.0493285831734722,0.00561797752808989,0.150863250205536,0.026445601534667
"2019-10-26",0.054737126638735,0.00391944857413164,0.15650763616705,0.0248682254358697
"2019-10-27",0.0568319226118501,0.00443369609028618,0.151014375923687,0.0294236195082628
"2019-10-28",0.0526617879179222,0.00602668962548429,0.149088821925671,0.0258286698235041
"2019-10-29",0.0504763258922224,0.00682496800796246,0.150718043509171,0.0281529930328452
"2019-10-30",0.0520907663764807,0.00699300699300699,0.142428999571857,0.0282574568288854
"2019-10-31",0.0521167660094758,0.00993428091089714,0.147027357481278,0.0249121198227113
"2019-11-01",0.0498726370827189,0.00616704652098136,0.153103633194798,0.0277517093444161
"2019-11-02",0.0560447239692523,0.00545073375262055,0.139343116701607,0.0289308176100629
"2019-11-03",0.0573558933180384,0.00630914826498423,0.14998566102667,0.0318325207915113
"2019-11-04",0.0622367169452371,0.00733795352629433,0.138605788830004,0.0205190922679712
"2019-11-05",0.0494296577946768,0.00745832114653407,0.136443404504241,0.0248610704884469
"2019-11-06",0.0609701156329779,0.00390449016368824,0.150172698603394,0.0246283225709566
"2019-11-07",0.0598489250435793,0.00537478210342824,0.14773387565369,0.0299244625217897
"2019-11-08",0.0510018214936248,0.00546448087431694,0.154523375834851,0.0238312082574378
"2019-11-09",0.0531899844391003,0.00693167350403169,0.154477295232706,0.0251803649738294
"2019-11-10",0.0672786885245902,0.00944262295081967,0.139672131147541,0.0317377049180328
"2019-11-11",0.0760433684835883,0.0053467993465023,0.144660626763701,0.0253972968958859
"2019-11-12",0.0654608096468562,0.00746482917025553,0.1442721791559,0.0271317829457364
"2019-11-13",0.0628242074927954,0.00518731988472622,0.148559077809798,0.0249279538904899
"2019-11-14",0.0559331634097989,0.00509770603228547,0.154772019258001,0.0280373831775701
"2019-11-15",0.0618587809293905,0.00512975256487628,0.159474954737477,0.0276101388050694
"2019-11-16",0.0587471131639723,0.00577367205542725,0.162673210161663,0.0275692840646651
"2019-11-17",0.0561069754618142,0.00468706920319824,0.155086848635236,0.0300523848910946
"2019-11-18",0.0523844460748349,0.00410858400586941,0.149963316214233,0.0252384446074835
"2019-11-19",0.0630644190246839,0.00496688741721854,0.144190246839253,0.0248344370860927
"2019-11-20",0.0563147619762727,0.00405466286229164,0.147169244631326,0.0268809130500075
"2019-11-21",0.0502645502645503,0.00513538748832866,0.15452847805789,0.0267662620603797
"2019-11-22",0.0528312901342674,0.00306479859894921,0.154699357851722,0.0264156450671337
"2019-11-23",0.0493604004449388,0.00389321468298109,0.156145717463849,0.0290600667408231
"2019-11-24",0.049819594782126,0.00596724951429364,0.170274771024147,0.0274771024146545
"2019-11-25",0.0539165818921668,0.00406917599186165,0.146780991135009,0.0265949716610958
"2019-11-26",0.0584615384615385,0.00377622377622378,0.146853146853147,0.0275524475524476
"2019-11-27",0.0530948324815446,0.0055366269165247,0.152896081771721,0.0316581487791028
"2019-11-28",0.0493374682830561,0.00549760360868339,0.16041725401748,0.0294615167747392
"2019-11-29",0.0447203110978163,0.00583308405623691,0.156296739455579,0.0249775650613222
"2019-11-30",0.0456305309734513,0.00566924778761062,0.151686946902655,0.0305586283185841
"2019-12-01",0.0419057787268117,0.00533831576137729,0.164953957026558,0.0336313892966769
"2019-12-02",0.0469789356984479,0.00485033259423503,0.147588691796009,0.0302106430155211
"2019-12-03",0.0462283533900792,0.00631053712943939,0.153213971235691,0.0292045788083358
"2019-12-04",0.0558903284121723,0.00391684242241639,0.157426935824043,0.0289243748116903
"2019-12-05",0.049762007788836,0.00447136881580845,0.167171498629742,0.0249531227462859
"2019-12-06",0.0504776843005846,0.0034222158847854,0.154284899472408,0.0303721659774704
"2019-12-07",0.0483297796730633,0.0031272210376688,0.145557924662402,0.0281449893390192
"2019-12-08",0.0475069252077562,0.00595567867036011,0.158448753462604,0.0322714681440443
"2019-12-09",0.0493242301797408,0.00599136129301937,0.155218057684269,0.0287028006130695
"2019-12-10",0.043857058476078,0.00310100413467218,0.154754873006497,0.0293857058476078
"2019-12-11",0.0494845360824742,0.00309278350515464,0.157437407952872,0.0297496318114875
"2019-12-12",0.0462548492987168,0.00387943897344076,0.169501641301104,0.0255147717099373
"2019-12-13",0.0498915401301518,0.00526805082119616,0.153238301828324,0.0247908273938643
"2019-12-14",0.0484874187164264,0.00523042126095561,0.164263500141363,0.0292620865139949
"2019-12-15",0.051827987113041,0.00392211794368959,0.168230844656114,0.0275949012466732
"2019-12-16",0.056055900621118,0.00388198757763975,0.162732919254658,0.0329192546583851
"2019-12-17",0.0477352447765747,0.0047277718468812,0.164556962025316,0.0318743327741345
"2019-12-18",0.0517911091929219,0.00589843188030499,0.166163141993958,0.0293482952093224
"2019-12-19",0.047426527756181,0.00435391074482973,0.163893640180376,0.0293888975276007
"2019-12-20",0.0443225615179366,0.00400237177586718,0.172546694337385,0.0253483545804921
"2019-12-21",0.0462444348700273,0.00430848772081,0.170616113744076,0.0247019962659773
"2019-12-22",0.0421849648458626,0.00486749594375338,0.18347755543537,0.0308274743104381
"2019-12-23",0.0476936218678815,0.00469817767653759,0.183371298405467,0.031748291571754
"2019-12-24",0.0394955654101996,0.00388026607538803,0.250692904656319,0.0295177383592018
"2019-12-25",0.0411300373909431,0.00304666943636615,0.216036560033236,0.0289433596454785
"2019-12-26",0.0403040734366036,0.00473321858864028,0.155909351692484,0.029833620195066
"2019-12-27",0.0506693536778466,0.00446235785231035,0.164387505398014,0.0273499352238376
"2019-12-28",0.0446887492861222,0.00414049114791548,0.164620217018846,0.0294117647058824
"2019-12-29",0.0478442280945758,0.00584144645340751,0.16356050069541,0.0321279554937413
"2019-12-30",0.048391770501304,0.00420168067226891,0.166038829324833,0.028542451463344
"2019-12-31",0.0373795259182079,0.00507944777285751,0.272987757228445,0.0265694191195624
"2020-01-01",0.0383832509450422,0.00450712416400116,0.239168362896191,0.0334399534748473
"2020-01-02",0.0555394431554524,0.00420533642691415,0.156902552204176,0.0265371229698376
"2020-01-03",0.0608108108108108,0.00478603603603604,0.151463963963964,0.0281531531531532
"2020-01-04",0.0655582589889159,0.0048661800486618,0.150851581508516,0.0283860502838605
"2020-01-05",0.0733834182988999,0.00509793399517038,0.146498524282265,0.0275020123423665
"2020-01-06",0.0622179680021879,0.00615342540680979,0.161219745658417,0.0328182688363189
"2020-01-07",0.0636789107927953,0.00411289178839881,0.144093036448731,0.0340377251453695
"2020-01-08",0.0567465321563682,0.00462379150903741,0.14810144318341,0.0288636682079305
"2020-01-09",0.0469298861880006,0.00618238021638331,0.155121539974708,0.0265561332021919
"2020-01-10",0.0448191382043522,0.0040351635682375,0.154633232454244,0.0309842916846808
"2020-01-11",0.0479510529311326,0.00469550369948776,0.158224245873648,0.0294536141149687
"2020-01-12",0.0500836873953908,0.00347624565469293,0.170722286597142,0.028453714432857
"2020-01-13",0.0470200658879904,0.00434261755016472,0.157232704402516,0.0324947589098532
"2020-01-14",0.042411390487731,0.00514995455922448,0.152832475007573,0.0283247500757346
"2020-01-15",0.04732868757259,0.00464576074332172,0.150261324041812,0.03034262485482
"2020-01-16",0.0497799779977998,0.00481298129812981,0.16006600660066,0.025027502750275
"2020-01-17",0.0583442455987196,0.00480139676996945,0.154081187254474,0.0261894369271061
"2020-01-18",0.0596539792387543,0.00512110726643599,0.154740484429066,0.0272664359861592
"2020-01-19",0.049321503131524,0.00626304801670146,0.1535751565762,0.0289665970772443
"2020-01-20",0.0494368875237677,0.00599678221442153,0.155477548632441,0.0277899663595144
"2020-01-21",0.0489138051857043,0.00518570427470217,0.15010511562719,0.0309740714786265
"2020-01-22",0.0508474576271186,0.00471628592483419,0.157848194546794,0.0275607958732498
"2020-01-23",0.0466847090663058,0.00487144790257104,0.15020297699594,0.0274695534506089
"2020-01-24",0.0491558344539071,0.00433288510383983,0.162259076647243,0.0321231137008815
"2020-01-25",0.0498343456653782,0.00455549420209829,0.156543346217559,0.0266427388183324
"2020-01-26",0.0501291989664083,0.00400516795865633,0.145219638242894,0.0343669250645995
"2020-01-27",0.0463076923076923,0.00461538461538462,0.154461538461538,0.0324615384615385
"2020-01-28",0.0475607891114849,0.00443492888820921,0.158281082734363,0.0263037161645512
"2020-01-29",0.0455970361926475,0.00726702764320319,0.159447135936164,0.0299230550014249
"2020-01-30",0.048520873652198,0.00497649986176389,0.157174453967376,0.0273707492397014
"2020-01-31",0.0387247051972631,0.00422186635609259,0.152132770417819,0.0292619012956762
"2020-02-01",0.043327796234773,0.00539867109634551,0.164590254706534,0.0264396456256921
"2020-02-02",0.0486754534777502,0.00443690460655096,0.159467571447214,0.0263604332506851
"2020-02-03",0.0474332032422696,0.00480336235364755,0.154458120684479,0.0289702791954368
"2020-02-04",0.0436948477085112,0.00426985482493595,0.159407913464276,0.0281810418445773
"2020-02-05",0.0489364866874907,0.00550349546333482,0.152461698646438,0.0293023947642422
"2020-02-06",0.042583392476934,0.00411639460610362,0.162668559261888,0.0264017033356991
"2020-02-07",0.0458370904718966,0.00465885181845506,0.15419296663661,0.0279531109107304
"2020-02-08",0.0431367144432194,0.00509922822491731,0.160005512679162,0.0270121278941566
"2020-02-09",0.0472741136103698,0.00584572372601347,0.15821578345406,0.031643156690812
"2020-02-10",0.0482994253766113,0.00419319770150645,0.158409690945799,0.0282652585805249
"2020-02-11",0.046133946536361,0.00445530324805979,0.160103478010923,0.0294624892210405
"2020-02-12",0.0513903042655408,0.00640559033338186,0.155189983986024,0.0295530644926481
"2020-02-13",0.0448087431693989,0.00478142076502732,0.16707650273224,0.0277322404371585
"2020-02-14",0.0441539578794481,0.00421205519244735,0.182135076252723,0.0255628177196805
"2020-02-15",0.0468208893198504,0.00346308352957473,0.162903449231195,0.026180911483585
"2020-02-16",0.0471772085729221,0.00444328280188186,0.157083115525353,0.0313643491897543
"2020-02-17",0.0471128985923585,0.00430910657856938,0.155989658144211,0.0326055731111749
"2020-02-18",0.0509138381201044,0.00522193211488251,0.15564258775747,0.0301711633304323
"2020-02-19",0.0546328671328671,0.00495337995337995,0.159382284382284,0.0307400932400932
"2020-02-20",0.0445515629564709,0.004674262342974,0.158340636868244,0.0276073619631902
"2020-02-21",0.044362292051756,0.00611403384046637,0.162377363856107,0.0325607848713209
"2020-02-22",0.0449943757030371,0.00435883014623172,0.165073115860517,0.0261529808773903
"2020-02-23",0.0445978232014866,0.0059729227501991,0.155163259888505,0.0310591983010353
"2020-02-24",0.0440658049353701,0.00572855464159812,0.162015276145711,0.0290834312573443
"2020-02-25",0.0440028388928318,0.00723917672107878,0.156139105748758,0.0288147622427253
"2020-02-26",0.0429970200085143,0.00624379168440471,0.151411948346814,0.0279551582233575
"2020-02-27",0.0376639864578925,0.00592467202708421,0.155311045281422,0.0277895330794188
"2020-02-28",0.0389736477115118,0.00471567267683773,0.171844660194175,0.026629680998613
"2020-02-29",0.044739362429881,0.0064304282391572,0.15090983718703,0.0305103297304693
"2020-03-01",0.0407013951107129,0.00614360680916421,0.164213490336618,0.0336618456418789
"2020-03-02",0.0441663070061862,0.00532297511149475,0.157387426269602,0.0303553445547403
"2020-03-03",0.0538526434195726,0.00703037120359955,0.148059617547807,0.0299493813273341
"2020-03-04",0.0511779041429732,0.00514486867045762,0.146357974546439,0.0278906038451124
"2020-03-05",0.0440854326396495,0.00424424972617744,0.150876232201533,0.0269715224534502
"2020-03-06",0.0500784705378799,0.005706948209445,0.156513054644029,0.0291054358681695
"2020-03-07",0.0518660812294182,0.00548847420417124,0.150521405049396,0.0260702524698134
"2020-03-08",0.0546490546490546,0.00621600621600622,0.17003367003367,0.0291375291375291
"2020-03-09",0.0500507761497171,0.00652836210648484,0.134194109966633,0.0259683737124619
"2020-03-10",0.0538255033557047,0.00805369127516779,0.141879194630872,0.0288590604026846
"2020-03-11",0.0475606432270373,0.00695012264922322,0.142954483510493,0.026982829108749
"2020-03-12",0.05198981642771,0.00777167358970923,0.130778507302693,0.0288087900308187
"2020-03-13",0.0566492567296103,0.00683005222981117,0.127762153475291,0.030132583366814
"2020-03-14",0.0570103996992858,0.00639017666959028,0.145219897255983,0.0329532640020048
"2020-03-15",0.0526969922943077,0.00459855828983346,0.152870991797166,0.0352970420084514
"2020-03-16",0.0466692738886716,0.00547516621040282,0.149654543084344,0.0340242471646461
"2020-03-17",0.0476492206310987,0.00633633253073121,0.147636547966037,0.0334558357622608
"2020-03-18",0.0470781269721065,0.00567966679288148,0.15638015903067,0.0347090748453869
"2020-03-19",0.0595118268746855,0.00578761952692501,0.163311524911928,0.0293155510820332
"2020-03-20",0.0568858482199417,0.00658811605219815,0.145318636766755,0.0368681109844166
"2020-03-21",0.0584196729496942,0.0056172762451629,0.152665085507427,0.0333291723879665
"2020-03-22",0.0618621645457982,0.00478770316240393,0.159632102809626,0.0337659065137961
"2020-03-23",0.0549319952462696,0.0048857784233461,0.155288525023108,0.0326158721774726
"2020-03-24",0.0570551362415249,0.00383778943328643,0.149545861583728,0.0374824101317641
"2020-03-25",0.0531536113936928,0.00470498474059003,0.153102746693795,0.0361139369277721
"2020-03-26",0.050460451621042,0.00517219629115681,0.151633657121231,0.0320423867793617
"2020-03-27",0.05441400304414,0.00418569254185693,0.160832064941654,0.0306950786402841
"2020-03-28",0.0571607254534084,0.00500312695434647,0.159474671669794,0.0320200125078174
"2020-03-29",0.0553670947419433,0.00424036830627574,0.161255149018658,0.0322267991276957
"2020-03-30",0.0529894790864768,0.0052604567616115,0.149602258147293,0.0345137285091096
"2020-03-31",0.0541459586712006,0.00392362019356526,0.148312843316767,0.0334815589850902
"2020-04-01",0.049451950038236,0.00484323222023961,0.165562069844507,0.0321182768289574
"2020-04-02",0.0512441488051244,0.0046809559004681,0.157920670115792,0.0374476472037448
"2020-04-03",0.0476313079299691,0.00669412976313079,0.153578784757981,0.0343717816683831
"2020-04-04",0.0548013451239258,0.00510648897745672,0.153070120812056,0.0325071615394196
"2020-04-05",0.0581424616159074,0.00390133400453058,0.158696199345583,0.0336018122325698
"2020-04-06",0.0568404547236378,0.00392003136025088,0.14608650202535,0.0333202665621325
"2020-04-07",0.0554634706107357,0.00471758255769476,0.157465255641974,0.0325130689787071
"2020-04-08",0.0556211465302374,0.00537845992391447,0.15007215007215,0.0312213039485767
"2020-04-09",0.0609199654704649,0.0048094709581946,0.157725983475151,0.0328030583302503
"2020-04-10",0.0512430238457636,0.00355149670218163,0.154616945712836,0.0317097919837646
"2020-04-11",0.0466314731020613,0.00565610859728507,0.164404223227753,0.0339366515837104
"2020-04-12",0.0519125683060109,0.00509190263288624,0.157228017883756,0.0319175360158967
"2020-04-13",0.0554485945321525,0.00449236298292902,0.154152226928507,0.0295212424592479
"2020-04-14",0.0531807895398542,0.0038974101081217,0.150490319336183,0.0321850641186824
"2020-04-15",0.0566739325554558,0.00448775484036415,0.151045005769971,0.0303885113476087
"2020-04-16",0.0580468360737419,0.0049825610363727,0.150473343298455,0.0323866467364225
"2020-04-17",0.0513278855975485,0.00408580183861083,0.159856996935649,0.0315372829417773
"2020-04-18",0.0535270740188773,0.00397416790859414,0.154744162940884,0.0336562344759066
"2020-04-19",0.0602454909819639,0.00475951903807615,0.157064128256513,0.0339428857715431
"2020-04-20",0.0562731807136462,0.00345312699833738,0.150786545594066,0.0306944622074434
"2020-04-21",0.0560404807084124,0.00392156862745098,0.14876660341556,0.032764073371284
"2020-04-22",0.0581261950286807,0.00637348629700446,0.158444869343531,0.0307202039515615
"2020-04-23",0.0506866416978777,0.00499375780274657,0.168913857677903,0.0289637952559301
"2020-04-24",0.0482925586136595,0.00420489296636086,0.16526503567788,0.0299439347604485
"2020-04-25",0.0548787990648456,0.0044296788482835,0.162175464501046,0.0300233788605882
"2020-04-26",0.0739032901296112,0.00685443668993021,0.145189431704885,0.0333998005982054
"2020-04-27",0.0519040166927491,0.00482524778299426,0.155451225873761,0.0309076682316119
"2020-04-28",0.0445029459696628,0.00526513726965024,0.141531904224646,0.0318415444402658
"2020-04-29",0.0511239563262685,0.00552344251766217,0.15863840719332,0.0299293513166346
"2020-04-30",0.0517992777985307,0.00460714730419624,0.15427717594322,0.0298841987299216
"2020-05-01",0.0566683569979716,0.00405679513184584,0.165821501014199,0.0297920892494929
"2020-05-02",0.0602543523891838,0.00629707371280405,0.15656253858501,0.0285220397579948
"2020-05-03",0.0523857611714214,0.00542792224185812,0.168896743246655,0.0290330724564504
"2020-05-04",0.0674398083953107,0.00529434009832346,0.148997857052817,0.034161099205849
"2020-05-05",0.0630219206680585,0.00443632567849687,0.149530271398747,0.0317066805845512
"2020-05-06",0.0602768076574829,0.00530332427887725,0.14655283921873,0.0316905963006079
"2020-05-07",0.0553815311364491,0.00476130810675354,0.159378523994487,0.0315749906026814
"2020-05-08",0.0522967298638504,0.00534419137294821,0.157908130805446,0.0301565084616363
"2020-05-09",0.0531226673301816,0.00547399850709132,0.156755411793979,0.0323463548146305
"2020-05-10",0.0523684539432571,0.00537432820897388,0.154730658667667,0.0347456567929009
"2020-05-11",0.0546321350341451,0.00657131812910707,0.153330756345832,0.031310398144569
"2020-05-12",0.0527602625144769,0.00411787414747137,0.148886887144512,0.0310127396731437
"2020-05-13",0.0548667897652334,0.00422052228963334,0.147322606172514,0.0312582432075969
"2020-05-14",0.0657259089753369,0.0049580472921434,0.144927536231884,0.0311467073480803
"2020-05-15",0.0621555811867231,0.00474176598744073,0.153146225810586,0.0305010893246187
"2020-05-16",0.0566729917773561,0.00468058191018343,0.150664136622391,0.0320050600885515
"2020-05-17",0.0577689243027888,0.00460657370517928,0.144546812749004,0.0324950199203187
"2020-05-18",0.0630898513251454,0.00620555914673562,0.144279250161603,0.0327084680025857
"2020-05-19",0.0705194805194805,0.0061038961038961,0.144675324675325,0.0306493506493506
"2020-05-20",0.0639623601220753,0.00495930824008138,0.152466937945066,0.0314089521871821
"2020-05-21",0.0605103920021047,0.00420941857405946,0.151539068666141,0.0252565114443567
"2020-05-22",0.0558659217877095,0.00519682993374042,0.152137196310251,0.0311809796024425
"2020-05-23",0.0771696252465483,0.00554733727810651,0.142011834319527,0.0263806706114398
"2020-05-24",0.0708661417322835,0.00487439070116235,0.145481814773153,0.0267466566679165
"2020-05-25",0.0588536991922041,0.00448775484036415,0.151429670470573,0.0275676368765226
"2020-05-26",0.0580960968697668,0.00425093391730001,0.146592812057194,0.0284683756279789
"2020-05-27",0.0660623370172606,0.00633304358624115,0.1496336768906,0.0300509127033404
"2020-05-28",0.0668701074698156,0.00398036353986997,0.14846756003715,0.0268011145017912
"2020-05-29",0.0634308510638298,0.00531914893617021,0.153856382978723,0.0264627659574468
"2020-05-30",0.0611628822680142,0.00590628691429321,0.156450977818611,0.0300564378527366
"2020-05-31",0.0682085456683653,0.0066640533124265,0.140729125833007,0.0305762446099569
"2020-06-01",0.0667724447970382,0.0074044691260082,0.143461589316409,0.0268412005817797
"2020-06-02",0.0854485049833887,0.0054485049833887,0.132624584717608,0.0241860465116279
"2020-06-03",0.0644093686354379,0.00521894093686354,0.159750509164969,0.0316955193482688
"2020-06-04",0.064856517822674,0.00553339338566465,0.154420280530176,0.029211169733625
"2020-06-05",0.0508940852819807,0.00453920220082531,0.148005502063274,0.0319119669876204
"2020-06-06",0.0526452282157676,0.00518672199170124,0.162603734439834,0.0306016597510373
"2020-06-07",0.0590610802624937,0.00517415446744069,0.14437152953054,0.0334427057041898
"2020-06-08",0.0524569240587109,0.00395660497766433,0.148947032546267,0.0305041480536056
"2020-06-09",0.0531887755102041,0.00548469387755102,0.155867346938776,0.0366071428571429
"2020-06-10",0.0523839009287926,0.00631578947368421,0.1528173374613,0.0293498452012384
"2020-06-11",0.0500770416024653,0.00564971751412429,0.155495634309194,0.0336414997431947
"2020-06-12",0.0519008693395614,0.00596859997404957,0.150512521084728,0.0238743998961983
"2020-06-13",0.0499168053244592,0.00332778702163062,0.157301932676309,0.0262383207474722
"2020-06-14",0.0518873879560661,0.00530236081302866,0.153389723519758,0.0338341118545638
"2020-06-15",0.0524137931034483,0.005141065830721,0.158244514106583,0.02858934169279
"2020-06-16",0.0511082138200782,0.00547588005215124,0.154367666232073,0.0246414602346806
"2020-06-17",0.0560339288009253,0.0038555455596967,0.156021076982393,0.0308443644775736
"2020-06-18",0.0518431679041292,0.00560114628109939,0.158525465676697,0.0280057314054969
"2020-06-19",0.049961666240736,0.00511116790186558,0.154229491438794,0.0299003322259136
"2020-06-20",0.0563487049905243,0.00416929879974732,0.15982312065698,0.0272899557801642
"2020-06-21",0.0601851851851852,0.00550550550550551,0.157282282282282,0.0336586586586587
"2020-06-22",0.0552681731554588,0.00667029676014157,0.148516199292132,0.0332153552953989
"2020-06-23",0.0458426375935899,0.00761854722185735,0.146591356889531,0.0278471036385131
"2020-06-24",0.0504546036624408,0.00461006530925855,0.155461646817774,0.0309898834677936
"2020-06-25",0.0540201005025126,0.00477386934673367,0.153517587939698,0.0306532663316583
"2020-06-26",0.0562412520676931,0.00432625015905332,0.168850998854816,0.024048861178267
"2020-06-27",0.0643398335610483,0.00484411874301329,0.15588125698671,0.0285678797664886
"2020-06-28",0.0575215705889709,0.00500187570338877,0.159559834938102,0.0256346129798674
"2020-06-29",0.0517151086671904,0.00484420005236973,0.157894736842105,0.0293270489656978
"2020-06-30",0.0459664745940283,0.00471451021477213,0.154924044002095,0.0336563645887899
"2020-07-01",0.0511244769874477,0.00483786610878661,0.161480125523013,0.0305962343096234
"2020-07-02",0.0501575299306868,0.00327662255828607,0.162696912413359,0.0313799621928166
"2020-07-03",0.0470829068577277,0.00511770726714432,0.164662231320368,0.0299385875127943
"2020-07-04",0.0543922369765066,0.00370275791624106,0.154366700715015,0.0311542390194076
"2020-07-05",0.0552983860878268,0.00588014512698611,0.155511072188165,0.0317778055798824
"2020-07-06",0.0489130434782609,0.00530839231547017,0.155965621840243,0.0334934277047523
"2020-07-07",0.054251012145749,0.00566801619433198,0.163832658569501,0.0307692307692308
"2020-07-08",0.0486766857294853,0.0046548743183934,0.156403777098018,0.0361750232743716
"2020-07-09",0.0469495679091964,0.00451438152973043,0.162001805752612,0.0312137237198504
"2020-07-10",0.0556214577566891,0.00540398049294846,0.152102280216159,0.0287333596942138
"2020-07-11",0.0510773130544994,0.00405576679340938,0.157287705956907,0.0309252217997465
"2020-07-12",0.0507184084489746,0.00515780424904826,0.151049981579271,0.0309468254942896
"2020-07-13",0.0472910319247582,0.0030467611604186,0.154987415551729,0.0319247582461253
"2020-07-14",0.0522816166883963,0.00404172099087353,0.153846153846154,0.0294654498044329
"2020-07-15",0.0511532019069708,0.0050251256281407,0.151526865094704,0.0282180131426363
"2020-07-16",0.0460084556080577,0.00646605322059189,0.166500870430241,0.0285998507833872
"2020-07-17",0.0458005418655657,0.0065797961553348,0.166430138046704,0.0300606373371178
"2020-07-18",0.0520952744873265,0.00382116927779901,0.162781811234238,0.0315883326964718
"2020-07-19",0.051624058293195,0.00568111646288749,0.151661109052736,0.0330986785229097
"2020-07-20",0.0516425923558737,0.00575226895053049,0.154416464272018,0.031317908730666
"2020-07-21",0.0528006166495375,0.00578108941418294,0.156089414182939,0.0289054470709147
"2020-07-22",0.0500324044069994,0.00414776409591705,0.156578094620868,0.0309786130913804
"2020-07-23",0.0456211297864274,0.00353848098066473,0.1561986604322,0.028939719449008
"2020-07-24",0.0497826945871197,0.00276570525483998,0.154616093770578,0.0306861583037008
"2020-07-25",0.0555206632332622,0.00590378093204371,0.165682703177993,0.0315287024243186
"2020-07-26",0.0533534667170001,0.00427834402919341,0.161696237573927,0.0312067446835284
"2020-07-27",0.0484056857472148,0.0048661800486618,0.149314893072096,0.0303495966192854
"2020-07-28",0.0515811301192328,0.00440642820114049,0.155780196993261,0.033177812337999
"2020-07-29",0.0577298140683916,0.00377064100897153,0.156546612924197,0.0302951501755298
"2020-07-30",0.0516456354884871,0.00624430857291531,0.157668791466112,0.0331728892936126
"2020-07-31",0.0537913156189242,0.00466623460790668,0.157355800388853,0.030848995463383
"2020-08-01",0.0504832146490336,0.00445066124109868,0.151068158697864,0.030264496439471
"2020-08-02",0.0543970988213962,0.00582826058800673,0.154125113327289,0.034710529724129
"2020-08-03",0.0529435005926511,0.00526801000921902,0.144870275253523,0.029369155801396
"2020-08-04",0.0608905239122162,0.00482049980971711,0.152480020296841,0.0286692883420018
"2020-08-05",0.0515796260477112,0.00490006447453256,0.151515151515152,0.0308188265635074
"2020-08-06",0.054324426997594,0.00544510573635558,0.150816765860453,0.0305179181967836
"2020-08-07",0.0449242988334574,0.00409530900967982,0.15698684537106,0.0302804666170266
"2020-08-08",0.05050376227522,0.00497385537558985,0.153679377630404,0.0284402499681163
"2020-08-09",0.0576157292185167,0.00435540069686411,0.147461423593828,0.0329766052762568
"2020-08-10",0.0515163050374318,0.00532927293490674,0.143890369242482,0.0347671615277249
"2020-08-11",0.045222278998467,0.00549310168625447,0.153040367910066,0.0334695963208993
"2020-08-12",0.0460240347737152,0.0053694707236001,0.156737407312708,0.0333674252109435
"2020-08-13",0.0539935307290371,0.00422990793729784,0.159119183876586,0.0306046280169196
"2020-08-14",0.0541507339336376,0.00456395707413346,0.161835450844949,0.026643641297644
"2020-08-15",0.0450415866922585,0.00588611644273832,0.155598208573257,0.0275111964171465
"2020-08-16",0.0518382352941177,0.00551470588235294,0.148774509803922,0.0307598039215686
"2020-08-17",0.0599014280298243,0.00556047011247315,0.14533046884873,0.0318463288259826
"2020-08-18",0.0573965236963861,0.00487682881080405,0.152682255845942,0.0301363011129173
"2020-08-19",0.0548955858446918,0.00437664124046517,0.15368263098662,0.0317619107165187
"2020-08-20",0.0529901589704769,0.00466818067120868,0.157330305324249,0.0322987635629574
"2020-08-21",0.0501482213438735,0.00543478260869565,0.157732213438735,0.0316205533596838
"2020-08-22",0.0537607269056032,0.00618374558303887,0.159010600706714,0.0328117112569409
"2020-08-23",0.0493873942149804,0.00530503978779841,0.155740810913225,0.0314513073133763
"2020-08-24",0.0538850452368281,0.00505588078765301,0.156732304417243,0.0315327301756253
"2020-08-25",0.0527095420318479,0.00345636341192445,0.153067522528083,0.034069867917541
"2020-08-26",0.0522226467965864,0.00420328620557891,0.157432174245319,0.0332441727168514
"2020-08-27",0.0497602695347933,0.00505377737462745,0.145522871582221,0.0369314500453544
"2020-08-28",0.0479229066284673,0.00572991274905587,0.157181924729783,0.03281677301732
"2020-08-29",0.0481472145197883,0.00453743382908999,0.151373834131586,0.0344088732039324
"2020-08-30",0.0481344709028397,0.0050935948045333,0.159429517381892,0.0337450655800331
"2020-08-31",0.0468937875751503,0.00494321977287909,0.164195056780227,0.0364729458917836
"2020-09-01",0.0453168225530233,0.00461072322487156,0.161770517718351,0.0350414965090238
"2020-09-02",0.0463427515183523,0.006337470293108,0.167150778980724,0.0320834433588593
"2020-09-03",0.041633413141793,0.0037243947858473,0.157488693801543,0.0304602287842511
"2020-09-04",0.0404157043879908,0.00384911470361817,0.165640236079035,0.029381575570952
"2020-09-05",0.0478799739073712,0.00365296803652968,0.154859752120026,0.0330071754729289
"2020-09-06",0.0446819469482359,0.00682462013906773,0.159927890806078,0.0316765387586917
"2020-09-07",0.0519600105235464,0.0065772165219679,0.157327019205472,0.0342015259142331
"2020-09-08",0.0492102858634643,0.00404646912935648,0.162250358960971,0.0317190967236653
"2020-09-09",0.0538068334678504,0.00564971751412429,0.156981436642454,0.0299973096583266
"2020-09-10",0.0507353933342329,0.00566725138307921,0.156928889488598,0.0331939009580354
"2020-09-11",0.0528777445758088,0.00506690918539691,0.159542678965831,0.0342990775626868
"2020-09-12",0.0443209717017703,0.00594392040315286,0.169530947150795,0.0335960718439075
"2020-09-13",0.0477974421909314,0.00607156698101021,0.162898850277742,0.0324247513241183
"2020-09-14",0.0476190476190476,0.00396825396825397,0.176245210727969,0.0331143951833607
"2020-09-15",0.0549570435019774,0.00518205372971499,0.160507295786172,0.0317741715532524
"2020-09-16",0.048391385269875,0.00505184791278915,0.158468492422228,0.0301781441106089
"2020-09-17",0.0503316426063207,0.00533229288594095,0.149044088958252,0.0288724151385096
"2020-09-18",0.0514323784143904,0.0055962691538974,0.151898734177215,0.0271818787475017
"2020-09-19",0.0446497305619707,0.00500384911470362,0.158711829612522,0.0319476520400308
"2020-09-20",0.0490456326633801,0.00518265705979017,0.158260649728227,0.0350145367210214
"2020-09-21",0.0476837386224698,0.00421138432278223,0.160576008694471,0.0324684146175791
"2020-09-22",0.0542564372044141,0.00459800315291645,0.158959537572254,0.0310036784025223
"2020-09-23",0.0465810302322564,0.00428182172051382,0.162319968859478,0.0290644868301544
"2020-09-24",0.0446716899892357,0.00551668460710441,0.155812701829925,0.0336383207750269
"2020-09-25",0.0612820512820513,0.00461538461538462,0.153205128205128,0.0261538461538462
"2020-09-26",0.0564485508163524,0.00455638526768763,0.155549930388558,0.0318946968738134
"2020-09-27",0.0506499877360805,0.00466028942850135,0.159308314937454,0.0333578611724307
"2020-09-28",0.0577859681453205,0.00447545083585626,0.157562195603528,0.0327760958273002
"2020-09-29",0.0532781585413164,0.0042674253200569,0.153756627440838,0.0315530841846631
"2020-09-30",0.0496096701082851,0.00554016620498615,0.156131956685973,0.0336187358348023
"2020-10-01",0.0458228184353832,0.00371895338026298,0.167352902111834,0.033337760658786
"2020-10-02",0.044770206022187,0.00409403063919704,0.165081880612784,0.0334125726360275
"2020-10-03",0.044348158531923,0.00649929909519562,0.165413533834586,0.0351726774563527
"2020-10-04",0.0432113920942794,0.00368278909894427,0.161551681807022,0.0335133808003928
"2020-10-05",0.0443949711891042,0.00484546883184914,0.158590885280251,0.034049240440021
"2020-10-06",0.0483143084682771,0.00530926466684364,0.152641359171755,0.0311919299177064
"2020-10-07",0.0430242797836206,0.00389986161781356,0.162536168071456,0.0343439426342936
"2020-10-08",0.0558761804826863,0.00406610703043022,0.149134312696747,0.030299055613851
"2020-10-09",0.0602455385394254,0.00442981901025187,0.155296797873687,0.0289836729527908
"2020-10-10",0.0516656191074796,0.00490257699560025,0.164424890006285,0.0301697045883092
"2020-10-11",0.0473228442492987,0.00536650811074521,0.17502134406635,0.030857421636785
"2020-10-12",0.0518795056642636,0.00566426364572606,0.175592173017508,0.029351184346035
"2020-10-13",0.0484210526315789,0.00434210526315789,0.157631578947368,0.0315789473684211
"2020-10-14",0.0545848743782681,0.00497385537558985,0.154444586149726,0.0330315010840454
"2020-10-15",0.0539594574886977,0.00393758203295902,0.158669972291089,0.0261047105148024
"2020-10-16",0.0501751751751752,0.00563063063063063,0.163913913913914,0.0299049049049049
"2020-10-17",0.0477789256198347,0.00426136363636364,0.161931818181818,0.0306043388429752
"2020-10-18",0.0448526780388882,0.00501013956817368,0.164141715376357,0.0344745317905285
"2020-10-19",0.0522104692161649,0.0043395714673176,0.159208028207215,0.0344453485218335
"2020-10-20",0.0509727626459144,0.00557717250324254,0.162256809338521,0.0325551232166018
"2020-10-21",0.0607525476874837,0.00587927880846616,0.153775803501437,0.0329239613274105
"2020-10-22",0.059453808963805,0.00718672416045995,0.152227884489743,0.0355416176662747
"2020-10-23",0.0521088610860312,0.0046433638591513,0.165484328646975,0.0301818650844834
"2020-10-24",0.0433405145102015,0.0046888860727411,0.175896591053098,0.0321885692561146
"2020-10-25",0.0502499679528266,0.00499935905653121,0.15164722471478,0.0364055890270478
"2020-10-26",0.0449021363694512,0.00498912626327236,0.1518485352437,0.0356914417295638
"2020-10-27",0.0453390906781814,0.00457200914401829,0.156337312674625,0.0363220726441453
"2020-10-28",0.047182006204757,0.00478283350568769,0.150853154084798,0.0334798345398139
"2020-10-29",0.0491476919248476,0.00671892497200448,0.155779519721289,0.0304840114470574
"2020-10-30",0.047360248447205,0.00646997929606625,0.153985507246377,0.0319616977225673
"2020-10-31",0.0516394530731448,0.00756670649143767,0.16938802601885,0.0353112969600425
